,seq,clv_ind
0,MKALKITGLSLIISATLAAQTNAAEPIYPDQLRLFSLGEDVCGTDYRPINR,21
1,MLKVIPWLLVTSSLVAIPTYIHATTEVVVNLNVKHSVEGKSEFERKNHIKLHS,23
2,MNKTLIAAAVAGIVLLASNAQAQTVPEGYQLQQVLMMSRHNLRAPLANNGSV,22
3,MNKAYSIIWSHSRQAWIVASELARGHGFVLAKNTLLVLAVVSTIGNAFAVNISGTVSSGGTVSSGETQIVYSGRGNSNA,49
4,MKKTLLASSLIACLSIASVNVYAASESSISIGYAQSHVKENGYTLDNDPKGFN,23
5,MNSSRSVNPRPSFAPRALSLAIALLLGAPAFAAGSGEAPKNFGLDVKITGESENDRDLGTAP,32
6,MTRPIQASLDLQVMKQNLAIVRRAAPEARVWSVVKANAYGHGIERVWSALGATDG,25
7,MRALAFAAALAAFSATAALAAGALEAVQEAPAGSTEVKIAKMKFQTPEVR,20
8,MISATKIRSCLAACVLAAFGATGALADKATIPSESPFAAAEVADGAIVVDIAKMKY,26
9,MMRKSLCCALLLGISCSALATPVSEKQLAEVVANTITPLMKAQSVPGMAV,20
10,MRDTRFPCLCGIAASTLLFATTPAIAGEAPADRLKALVDAAVQPVMKANDIPGLAV,26
11,MTKMNRCAALIAALILPTAHAAQQQDIDAVIQPLMKKYGVPGMAIAVSVDG,21
12,MSHILRAAVLAAMLLPLPSMADQAGKSPNAVRYHGGDEIILQGFHWNVVRE,21
13,MKLAACFLTLLPGFAVAASWTSPGFPAFSEQGTGTFVSHAQLPKGTR,17
14,MKLNKIITTAGLSLGLLLPSIATATPTTFVHLFEWNWQDVAQECEQYLGPKGYA,24
15,MRKTYWLMALFAVLVLGGCQMASRSDPTPTLAEAFWPKEAPVYG,14
16,MHKFTKALAAIGLAAVMSQSAMAENLKLGFLVKQPEEPWFQTEWKFADKAGKD,23
17,MNKKAMAAAVSMILAGGAHAAQQERPNVIVIIADDMGYSDISPFGGEIPT,20
18,MEFFKKTALAALVMGFSGAALALPNITILATGGTIAGGGDSATKSNYTVGKV,22
19,MERWFKSLFVLVLFFVFTASAADKLPNIVILATGGTIAGSAATGTQTTGYK,21
20,MRNIAIKFAAAGILAMLAAPALAENIEVHMLNKGAEGAMVFEPAYIKANPGDT,23
21,MLRKLAAVSLLSLLSAPLLAAECSVDIQGNDQMQFNTNAITVDKSCKQFT,20
22,MSEVQSPVPAESRLDRFSNKILSLRGANYIVGALGLCALIAATTVTLSINEQLI,24
23,MKFGSKIRRLAVAAVAGAIALGASFAVAQAPTFFRIGTGGTAGTYYPIGGLIANAISG,28
24,MRYIRLCIISLLATLPLAVHASPQPLEQIKLSESQLSGRVGMIEMDLASGR,21
25,MEKNRKKQIVVLSIALVCIFILVFSLFHKSATKDSANPPLTNVLTDSISQIVSACPGEIG,30
26,MFKKRGRQTVLIAAVLAFFTASSPLLARTQGEPTQVQQKLAALEKQSGGRLGVALIN,27
27,MLKSSWRKTALMAAAAVPLLLASGSLWASADAIQQKLADLEKRSGGRLGVALIN,24
28,MSIQHFRVALIPFFAAFCLPVFAHPETLVKVKDAEDQLGARVGYIELDLNSGK,23
29,MAIRIFAILFSIFSLATFAHAQEGTLERSDWRKFFSEFQAKGTIVVADERQ,21
30,MKTFAAYVIIACLSSTALAGSITENTSWNKEFSAEAVNGVFVLCKSSSKS,20
31,MNLKKIAIASSVFAGITMALTCHAVTVTATHTVESDAEFTIDWVDAGPTTTDAK,24
32,MGRYIVPALLCVAGMGFAHAQSALQPIAEVNLFRREPVTLGQIKARISAI,20
33,MKKGTQRLSRLFAAMAIAGFASYSMAADTIKIALAGPVTGPVAQYGDMQRAGALMA,26
34,MIKKASLLTACSVTAFSAWAQDTSPDTLVVTANRFEQPRSTVLAPTTVVT,20
35,MKISIYATLAALSLALPAVAQEGDAAKGEKEFNKCKACHMVQAPDGTDIV,20
36,MKPYALLSLLATGTLLAQGAWAEDPEVLFKNKGCVACHAIDTKMVGPAYKDV,22
37,MKKFLLVAVVGLAGITFANEQLAKQKGCMACHDLKAKKVGPAYADVAK,18
38,MKKTLMASAVGAVIAFGTHGAMAAAPADWSSVAATDVTLFYPGVSPVEWITKG,23
39,MHLHLRGICLVLAVASSSSSALAADAGHGADLAKRWCASCHVVANGQAVASAD,23
40,MKRVLLLSSLCAALSFGLAVSGVAADGAALYKSCIGCHGADGSKAAMGSAKPVK,24
41,MRKSLLAILAVSSLVFSSASFAADLEDNMETLNDNLKVIEKADNAAQVKDAL,22
42,MRPSIHRTAIAAVLATAFVAGTALAQKRDNVLFQAATDEQPAVIKTLEKLVN,22
43,MKRNRFFNTSAAIAISIALNTFFCSMQTIAAEPEETYLDFRKETIYFLFLDRFSDGDPSN,30
44,MKLNKITSYIGFALLSGGALAAPSTPTLDWQPQQYSFVEVNVDGLGSYKQL,21
45,MRKFNKPLLALLIGSTLCSAAQAAAPGKPTIAWGNTKFAIVEVDQAATAYNNL,23
46,MSTRKAVIGYYFIPTNQINNYTETDTSVVPFPVSNITPAKAKQLTHINFSFLDINSNLECAWDPATNDAKA,41
47,MFRLNPFVRVGLCLSAISCAWPVLAVDDDGETMVVTASSVEQNLKDAPASISVIT,25
48,MSKRNAVTTFFTNRVTKALGMTLALMMTCQSAMASLAADQTRYIFRGDKDALTITVTNNDKERT,34
49,MMAIATKRRGVAAVMSLGVATMTAVPALAQDVLGDLPVIGKPVNGGMNFQPASSPLAHD,29
50,MKLLKVEAIAAIVFSGSALAGVVPQYGGGGNHGGGGNNSGPNSELNIYQY,20
51,MTLRNASLTAVAALTVALAGGAVAQDASTAPGTTAPAGSSYHTNEAAPAAA,21
52,MTTIVKRALVAAGMVLAIGGAAQANEGGVSLHKQDWSWKGIFGRYDQPQLQRGF,24
53,MIRKLTLTAATALALSGGAAMAAGGGHVEDVPFSFEGPFGTFDQHQLQRGLQ,22
54,MKKGFLAAGVFAAVAFASGAALAEGDAAAGEKVSKKCLACHTFDQGGANKVGP,23
55,MKFQVKALAAIAAFAALPALAQEGDPEAGAKAFNQCQTCHVIVDESGTTIA,21
56,MRKLVFGLFVLAASVAPAAAQDAASGEQVFKQCLVCHSIGPGAKNKVGPV,20
57,MRKLFFCGVLALAVAFALPVVAAPKAPADGLKMEATKQPVVFNHSTHKSVKC,22
58,MMNRVKIGTALLGLTLAGIALPALAQPQSGPQTGVVFRNTVTGEALDVSQGKEGG,25
59,MRNASVTARLTRSVRAIVKTLLIAIATVTFYFSCDLALPQSAAAYPFWAQQTYPETPREPTGRIVCANCHLAAK,44
60,MFKSTLAAMAAVFALSALSPAAMAAKGDPHVLLTTSAGNIELELDKQKAPVSVQ,24
61,MNTIFSARIMKRLALTTALCTAFISAAHADDLNIKTMIPGVPQIDAESYILIDYNSGKV,29
62,MTQYSSLLRGLAAGSAFLFLFAPTAFAAEQTVEAPSVDARAWILMDYASGKVLAEGN,27
63,MNKKVLTLSAVMASMLFGAAAHAADTRIGVTIYKYDDNFMSVVRKAIEQDAKA,23
64,MGRLNRFRLGKDGRREQASLSRRGFLVTSLGAGVMFGFARPSSANQIFPLDRSLPGDGAFEPTIWCSIAPDGEI,44
65,MTRPASAKRRSLLGILAAGTICAAALPYAAVPARADGQGNTGEAIIHADDHPENWLSYGRTYSEQ,35
66,MNKHLLAKIALLSAVQLVTLSAFADVPLTPSQFAKAKSENFDKKVILSNLNKPH,24
67,MSRFVTSVSALAMLALAPAALSSVAYANDKLVELSKSDDNWVMPGKNYDSNNYSELKQ,28
68,MNRNTPKARGASSLAMAVAMGLAVLTTAPATANDQLVELAKDPANWVMTGRDYNAQNYSEMT,32
69,MKTTLIAAAIVALSGLAAPALAYDGTKCKAAGNCWEPKPGFPEKIAGSKYDP,22
70,MLGNFRFDDMVEKLSRRVAGQTSRRSVIGKLGTAMLGIGLVPLLPVDRRGRVSRANAADAPAGTDPRAKWVPQDNDIQACDYWRHCS,57
71,MASSALTLPFSRIAHAVDSAIPTKSDEKVIWSACTVNCGSRCPLRM,16
72,MRISLKKSGMLKLGLSLVAMTVAASVQAKTLVYCSEGSPEGFNPQLFTSGTTYDASSV,28
73,MMIFRFVTTLAASLPLLTFAAPISFSHAKNEAVKIYRDHPVSFYCGCEIP,20
74,MKTILPAVLFAAFATTSAWAAESVQPLEKIAPYPQAEKGMKRQVIQLTPQ,20
75,MKKVSTLDLLFVAIMGVSPAAFAADLIDVSKLPSKAAQGAPGPVTLQAAVGAG,23
76,MKNITFIFFILLASPLYANGDRLYRADSRPPDEIKRSGGLMPRGHNEY,18
77,MIKHVLLFFVFISFSVSANDFFRADSRTPDEIRRAGGLLPRGQQEAYE,18
78,MNKVKCYVLFTALLSSLYAHGAPQTITELCSEYRNTQIYTINDKILSYTES,21
79,MSSKKIIGAFVLMTGILSGQVYAGVSEHFRNICNQTTADIVAGVQLKKY,19
80,MKKYVTTKSVQPVAFRLTTLSLVMSAVLGSASVIAGEKLDMSFIQGGGGVNPEVWAALNGSYAPG,35
81,MKKTMMAAALVLSALSIQSALAAEYSEKTQYLGVVNGQVVGNSVVKVTRTPT,22
82,MKKTLLAIILGGMAFATTNASANTGTINFNGKITSATCTIDPEVNGNRTSTI,22
83,MKKLYKAITVICILMSNLQSAQGATKSVQVPIRTEVKIPTCQLEIDSSIDF,21
84,MIKKVPVLLFFMASISITHASQTATKSLGVSITLSKAQCKINNRAGISGS,20
85,MKTSIRYALLAAALTAATPALADITVYNGQHKEAAQAVADAFTRATGIKVKL,22
86,MTPLRVFRKTTPLVNAIRLSLLPLAGLSFSAFAAQVNIAPGSLDKALNQYAAHSGFTLSVDAS,33
87,MNKKIHSLALLVNLGIYGVAQAQEPTDTPVSHDDTIVVTAAEQNLQAPGVST,22
88,MTDATNRFRPGLVGRALVRAGLLFAVAACAQAQLLPGARDLNRIDDRQRKEQLQRDIERA,30
89,MARSKTAQPKHSLRKIAVVVATAVSGMSVYAQAAVEPKEDTITVTAAPAPQESAWGPAATIAA,33
90,MSKRIALFPALLLALLVIVATALTWMNFSQALPRSQWAQAAWSPDIDVIE,20
91,MLSTQFNRDNQYQAITKPSLLAGCIALALLPSAAFAAPATEETVIVEGSATAPDDGENDYSVTSTS,36
92,MSNKNVNVRKSQEITFCLLAGILMFMAMMVAGRAEAGVALGATRVIYPAGQKQEQLAVTNNDENST,36
93,MKRFFAILGAALFVGNSGAFAEQATLIDFSKLVGEGNTGLHAPTTIDYSRQ,21
94,MKKLFVVLTSIFIAASAYGLTNSTLIDFALTGNADNLQAGEGDTNEVVP,19
95,MKAFLFAAAATLVITALSAPAFAGTPVTLRMDTTDADGRITLGDLFDGVSGPAANVVVA,29
96,MFKALAGIVLALVATLAHAERIRDLTSVQGVRENSLIGYGLVVGLDGTG,19
97,MKLKFISMAVFSALTLGVATNASAVTTVNGGTVHFKGEVVNAACAVNTNSFDQ,23
98,MSKFSYPALRAALILAASPVLPALANDGTIVITGSISDQTCVIEEPSTLNHIKVV,25
99,MKKVLLSAAMATAFFGMAAANAADTNVGGGQVNFFGKVTDVSCTVSVNGQGS,22
100,MRMKKSALTLAVLSSLFSGYSLAAPAENNTSQANLDFTGKVTASLCQVDTSNL,23
101,MKFKKTIGAMALTTMFVAVSASAVEKNITVTASVDPVIDLLQADGNALPSAVK,23
102,MKKLAIMAAASMVFAVSSAHAGFTPSGTTGTTKLTVTEECQVRVGDLTVAK,21
103,MQKIQFILGILAAASSSSTLAYDGKITFNGKVVDQTCSVTTESKNLTVKLP,21
104,MKRLVFISFVALSMTAGSAMAQQGDVKFFGNVSATTCNLTPQISGTVGDTI,21
105,MPNFFRNGCIALVGSVAAMGAAHAEGGIAEAAGKALDSAQSDVTITAPKVMMVV,24
106,MKKAFLLACVFFLTGGGVSHAAVQKTIFSADVVASVCHVVVDADSTGNSGR,21
107,MKKTLIALAIAASAASGMAHAWMTGDFNGSVDIGGSITADDYRQKWEWKVG,21
108,MIKSVIAGAVAMAVVSFGVNNAAPTIPQGQGKVTFNGTVVDAPCSISQKSAD,22
109,MRLRFSVPLFFFGCVFVHGVFAGPFPPPGMSLPEYWGEEHVWWDGRAAFHGE,22
110,MLKIKYLLIGLSLSAMSSYSLAAAGPTLTKELALNVLSPAALDATWAPQDNL,22
111,MKKNLLITSVLAMATVSGSVLAAVTNGQLTFNWQGVVPSAPVTQSSWAFVNG,22
112,MKKTLLGSLILLAFAGNVQADINTETSGKVTFFGKVVENTCKVKTEHKNL,20
113,MRKSASAVAVLALIACGSAHAAGFVGNKAVVQAAVTIAAQNTTSANWSQDP,21
114,MIKPTFLRRVAIAALLSGSCFSAAAAPPAPPVSYGVEEDVFHPVRAKQGMVASVD,25
115,MKSVLKVSLAALTLAFAVSSHAADKKLVVATDTAFVPFEFKQGDKYVGFDVD,22
116,MKLTLKNLSMAIMMSTIVMGSSAMAADSNEKIVIAHRGASGYLPEHTLPAKAMAY,25
117,MTRKPRRHALSVPVRSGSEVGFPQSLGEVHDMLYDKSLERDNCGFGLIAHIEGEPSHKVVRTAIHALARMQH,42
118,MTTGRMSRRECLSAAVMVPIAAMTATATITGSAEAAKNNMNGSTIGKITKFSPRLDAILDVSTPI,35
119,MIIANVIRSFSLTLLIFAALLFRPAAAEEFSASFKGTDIQEFINTVSKNLNKTVIID,27
120,MNIKKTAVKSALAVAAAAAALTTNVSAKDFSGAELYTLEEVQYGKFEARMKMAAASG,27
121,MVSKKQKFLTVILVIVLAIVIVGGVFGISFVKGRVTFPWQLQNSEAKTEQVKEPAKEEPKLVIK,34
122,MSIFRTASTLALATALALAAGPAFSYSINNSRQIVDDSGKVVQLKGVNVFGFETG,25
123,MGHVTSPSKRYPASFKRAGSILGVSIALAAFSNVAAAGCEYVVTNSWGSGFTAAIRITNSTSSVINGW,38
124,MQTVNTQPHRIFRVLLPAVFSSLLLSSLTVSAASSSNDADKLYFGNNKYYLFNNVWGKDEIK,32
125,MGKPMWRCWALMLMVWFSASATAANGWEIYKSRFMTTDGRIQDTGNKNVSHTE,23
126,MPLSYLDKNPVIDSKKHALRKKLFLSCAYFGLSLACLSSNAWASVEPLSVNGNKIYAGEKAKSFAGNSLFWSN,43
127,MKKVLGVILGGLLLLPVVSNAADAQKAADNKKPVNSWTCEDFLAVDESFQP,21
128,MGYKMNISSLRKAFIFMGAVAALSLVNAQSALAANESAKDMTCQEFIDLNPKAMTPVAWWMLH,33
129,MKKLALSLSLVLAFSSATAAFAAIPQKIRIGTDPTYAPFESKNAQGELVGFD,22
130,MKYRYFAKKSFLFISMLAAFKTFAFELPSVPFPAPGSDEILFVVRDTTFNTNAP,24
131,MKNNNFRLSAAGKLAAALAIILAASAGAYAAEIVAANGANGPGVSTAATGAQVVDIVAPN,30
132,MPKLNRCNPIFTILSAISSPTLLRNINEPSGEAADIISQVADSHAIKY,18
133,MKKKVVLLTLLSCFSTSGLSANETGNLGSISESRRALQDSQREINQL,17
134,MIKKITALTLLVSTALSAETLPDSHMMQDMSMGESRRALQDSTREVNQ,18
135,MRNGRTLLRWAGVLAATAIIGVGGFWSQGTTKALPEGPGEKRADLIEIGAMERFGKLDLPK,31
136,MKKLMLAIFISVLSFPSFSQSTESLDSSKEKITLETKKCDVVKNNSEKK,19
137,MKKTTLALSRLALSLGLALSPLSATAAETSSATTAQQMPSLAPMLEKVMPSVVSIN,26
138,MKAKRFKINAISLSIFLAYALTPYSEAALVRDDVDYQIFRDFAENKGKFFVGATDLS,27
139,MKQLIIATLLSALSGGCMASSLRLPSAAELSGQWVLSGAEQHCDIRLNT,19
140,MLQKQFCNKLLLDTNKENVMEIQNTKPTQTLYTDISTKQTQSSSETQKS,19
141,MIVTGSQVRQGLNTWFVLPLRRTAIGLGCAGVATLFSACGQTQALITNQTIQGFVDQVVVPSYVSVAAGATQLE,44
142,MKCPKILAALLGCAVLAGVPAMPAHAAINSMSLGASYDAQQANITFRVYSSQATRI,26
143,MMISKKYTLWALNPLLLTMMAPAVAQQTDDETFVVSANRSNRTVAEMAQTTWVIE,25
144,MDYSRLLKRSVSAALTAAALLCSTAAFAGEVTIWCWDPNFNVAIMKEAAERYTAKHPD,28
145,MMITLRKLPLAVAVAAGVMSAQAMAVDFHGYARSGIGWTGSGGEQQCFQTTGAQS,25
146,MARTMRSRVVAGAVACAMSIAPFAGTTAVMTLATTHAAMAATAPADGYAATRYPIILVHGLSGTDKYAGVVEYW,44
147,MKKKSLLPLGLAIGLASLAASPLIQASTYTQTKYPIVLAHGMLGFDNILGVDYWFG,26
148,MKRNAKTIIAGMIALAISHTAMADDIKVAVVGAMSGPIAQWGIMEFNGAEQAI,23
149,MKIKTGVGILALSALTTMMISAPALAKIEEGKLVIWINGDKGYNGLAEVGKKFEQD,26
150,MRRQGITRRSFLKYCSLTGRPCLGPTFAPQIAHAMETRPPTPVVWLHGLECTCCSESFIRSGDP,34
151,MLEEKGIERRDFMKWAGAMTAMLSLPATFTPLTAKAAELADRLPVIWLHMAECTVVAESPKNRWSG,36
152,MNKTAIALLALLASSASLAATPWQKITQPVPGSAQSIGSFSNGCIVGAD,19
153,MKMKLVTAAVMGLAMSTAMAATDATSLATDKDKLSYSIGADLGKNFKNQG,20
154,MKLNKLALVLGLGLSVVAGSALAADQGHGTVKFVGSIIDAPCSITPDTENQTV,23
155,MKKLAILGVTVYSFAQLANAATLNVKSYGTTQNGQKVDLYTMSNNNGVSV,20
156,MNMKKFVKKPLAIAVLMLASGGMVNMVHAEPTVINSKDISATKTVKEGGSFSVEFKATE,29
157,MRFKNVKKTALMLAMFGMATSSNAALFDYNATGDTEFDSPAKQGWMQDNTNNGS,24
158,MLSTLRRTLFALLACASFIVHAAAPDEITTAWPVNVGPLNPHLYTPNQMFAQ,22
159,MPFGKPLVGTLLASLTLLGLATAHAKDDMKAAEQYQGAASAVDPAHVVRTNGAPD,25
160,MSNVGKPILAGLIAGLSLLGLAVAQAAAPEMTAEEKEASKQIYFERCAGCHGVLRK,26
161,MFKAQATFSRYSAAVSLLLLFSGAAQAAPQSITTLPLQPDGENRWRLPAGEYQGQFT,27
162,MNQVWNIARKELSDGLRNRWLLAISLLFAVLAVGIAWLGAAASGQLGFTSIPATIASLASLATF,34
163,MNKTQRHINWLLAVSAATALPVTAAEMINVNDGSLLNQALKAQSQSVAPVETGF,24
164,MTRIKINARRIFSLLIPFFFFTSVHAEQTAAPAKPVTVEAKNETFAPQHPDQYLSW,26
165,MRFNNKNVGLGALLFAAQASADTLESIDNCAVGCPTGGSSNVSIVRHAYT,20
166,MKKSLIALAVLAASGAAMAQSSVTLFGIVDTNVAYVNKDAAGDSRYGLG,19
167,MKKSLIALTLAALPVAAMADVTLYGQVKAGVEVSRTKETVNHVSTKNKT,19
168,MKKFNQSLLATAMLLAAGGANAAAFQLAEVSTSGLGRAYAGEAAIADNASVV,22
169,MKKTLAALIVGAFAASAANAAVVYNNEGTNVELGGRLSIIAEQSNSTVDN,20
170,MKKTAIALAVALAGFATVAQAAPKDNTWYTGAKLGWSQYHDTGFYGNGYQN,21
171,MQPAKNLLFSSLLFSSLLFSSAARAASEDGGRGPYVQADLAYAAERITHDYPKPT,25
172,MMKRNILAVIVPALLVAGTANAAEIYNKDGNKVDLYGKAVGLHYFSKGNGEN,22
173,MKKLLKSVLVFAALSSASSLQALPVGNPAEPSLMIDGILWEGFGGDPCDPCT,22
174,MRAKLLGIVLTTPIAISSFASTETLSFTPDNINADISLGTLSGKTKERVY,20
175,MKKIALFITASLIAGNALAAQTYIRNGNIYTHEGQWAAEVGAFGSTDLL,19
176,MKQTICLAVLAALLAAPVFAHQEGDFIVRAGIASVVPNDSSDKVLNTQSE,20
177,MQTRRVVLKSAAAAGTLLGGLAGCASVAGSIGTGDRINTVRGPITISEAGFTLTHEHIC,29
178,MSNITKKSLIAAGILTALIAATPTAADVPAGVQLADKQTLVRNNGSEVQSLDPHK,25
179,MTMTRLKISKTLLAVMLTSAVATGSAYAENNAQTTNESAGQKVDSSMNKVGNFMDDSA,28
180,MRTLQGWLLPVFMFAMAVYAQEATVKEVHDAPAVRGSIIANMLQEHDNPF,20
181,MKNRNRMIVNGIVTSLICCSSLSALAASPPTEVKIVRDEYGMPHIYADDTYRLFYG,26
182,MKDRIPFAVNNITCVILLSLFCNAASAVEFNTDVLDAADKKNIDFTRFSEAGYV,24
183,MIRKKILMAAIPLFVISGADAAVSLDRTRAVFDGSEKSMTLDISNDNKQLP,21
184,MKKWFPAFLFLSLSGGNDALAGWHNVMFYAFNDYLTTNAGNVKVIDQPQLY,21
185,MVVNKTTAVLYLIALSLSGFIHTFLRAEERGIYDDVFTADALRHYRINERGGRTGSL,27
186,MRFSRFIIGLTSCIAFSVQAANVDEYITQLPAGANLALMVQKVGASAPAI,20
187,MKVITFSRRSALASIVATCLMSTPALAATAQAPQKLQIPTLSYDDHSVMLVWDTPED,27
188,MKYLLPSAALGLLAARGPTDNGANTGGYATTDGGDVSGAVKKTARSLQEIVD,22
189,MKSLITPITAGLLLALSQPLLAATDTGGYAATAGGNVTGAVSKTATSMQDIV,22
190,MKNTRVRSIGTKSLLAAVVTAALMATSAYAAVETDAATTGWATQNGGTTGGAKAAKAVEV,30
191,MNNSRMSSVSTQKTTGRSALGTKSALAAIIATTMMVSVASAASLQTTKATEAASTGWATQSGGTTGGAKAS,41
192,MKRFALSLLAGLVALQASAATPDRLTIVNQYVDNVLTKAGDHYHGQSPT,19
193,MKKRALLLSMSVLAMLYIPAGQAAEIDRLTVVKQYVDNVLNKASDTYHGDKPS,23
194,MKYAASGLLSVALNSLLLLGSNQRFATQDVAPVWRGIAFGQSTDVNFATNVLPEKV,26
195,MQRIGVTDYTILGTVKGAELELVRFTHPFMGFDVPAILGDHVTRM,15
196,MNMSLSRIVKAAPLRRTTLAMALGALGAAPAAHADWNNQSIVKTGERQHGIHIQGSDPGGVRTA,34
197,MEYQSGKRVLSLSLGLIGLFSASAWASDSRTVSEPKTPSSCTTLKADSSTATS,23
198,MNHRYTLLALAAAALSAGAHATGTSVTAPWGEVAEPSLPADSAVCKTLSAS,21
199,MVRRLWRRIAGWLAACVAILCAFPLHAATAGPGAWSSQQTWAADSVNGGNLTGYFYW,27
200,MPKSFRHLVQALACLALLASASLQAQESRLDRILESGVLRVTTTGDYKPFSYRTE,25
201,MQIVNLTRRGFLKAACVVTGGALISIRMTGKAVAAAKQLKDYMMDRINGVYGADAKFPVRASQD,34
202,MISKSRRSFIRLAAGTVAATVATSMLPSSIQAALAIPAHRRHGNLKDVEHVVILMQENRSFDHYF,35
203,MKFCTAVAVAMGMGPAFAPKVAEALTAKKRPSVVYLHNAECTGCSESLLRTVD,23
204,MNKSTLAIVVSIIASASVHAAEVYNKNGNKLDVYGKVKAMHYMSDYDSKD,20
205,MSLSRREFVKLCSAGVAGLGISQIYHPGIVHAMTEGAKKAPVIWVQGQGCTGCSVSLLNAVH,32
206,MSKKFLTILAGLLLVVSSFFLSVSPAAAANATVKMGSDSGALVFEPSTVTIKAGEEVKW,29
207,MLKTISGTLALSLIIAASVHQAQAATTYNAVVSKSSSDGKTFKTIADAIASAPA,24
208,MKLSKIALAAALVFGINSVATAENETPAPKVSSTKGEIQLKGEIVNSACGLA,22
209,MRKLLIFSISAYLMAGIVSCKGVDSATPVTEDRLALNAVNAPADNTVNIKTFDKVKNAFGDGLSQSAEGT,40
210,MKVMKWSAIALAVSAGSTQFAVADAFVSDQAEAKGFIEDSSLDLLLRNYYFNR,23
211,MKLKNTLGVVIGSLVAASAMNAFAQGQNSVEIEAFGKRYFTDSVRNMKNADLYG,24
212,MIRRHSCKGVGSSVAWSLLGLAISAQSLAGTVTTDGADIVIKTKGGLEVATTDKEFSFK,29
213,MKKWSRHLLAAGALALGMSAAHADDNNTLYFYNWTEYVPPGLLEQFTKETGIK,23
214,MTALNKKWLSGLVAGALMAVSVGTLAAEQKTLHIYNWSDYIAPDTVANFEKETGIK,26
215,MKAILIPFLSLLIPLTPQSAFAQSEPELKLESVVIVSRHGVRAPTKATQLMQ,22
216,MKQSAIALALLSCLITPVSQAQTSQNINILENRAAQGDITMPGGARRLSGD,21
217,MKYKKLSVAVAAFAFAAVSAQNSNSLKYPETKKVNHTDTYFGNQVSDPYR,20
218,MKKISKAGLGLALVCALATIGGNAARRATAQRRGSGVFYDEMFDFDIDAHLAKH,24
219,MRHSVLFATAFATLISTQTFAADLPGKGITVNPVQSTITEETFQTLLVSRA,21
220,MRRKAVLLTVVLSLSGGSAQAMGLLDAWELALRNDAQLRAAGFERDAGQEEVA,23
221,MILNKRLKLAYCVFLGCYGLSIHSSLAAYQDPGRLGAPDSWKTAEFNRQWGLEAISA,27
222,MNAIKTAVAAVTAAASLVAFSPAEAATATANLNVTANVGGACSIGSGAGGGTLNF,25
223,MSHCVVLNKLESVLIIGDSRYALSKNEVLLLECLYLRAGDVISHDELLTTCWPD,24
224,MRRFLALLLVLTLWLGFTPLASADVAGLVPCKDSPAFQKRAAAAVNTTADPAS,23
225,MRFRPSIVALLSVCFGLLTFLYSGSAFAVDKSQLTYDDIVNTGLANVCPEISSFTRGT,28
226,METTMTRRDFLKSAGAAGAAGLVWSQTIPGTLGALEKQEIKGSAKFVPSICEMCTSSCTIEARV,34
227,MKVMRTTVATVVAATLSMSAFSVFAEASLTGAGATFPAPVYAKWADTYQKETGNK,25
228,MPRSTWFKALLLLVALWAPLSQAETGWQPIQETIRKSDKDNRQYQAIRLDNGM,23
229,MNMKKLAILVSAVALSATVSANAMAKDTIALVVSTLNNPFFVSLKDGAQKEADKL,25
230,MKAFWRNAALLAVSLLPFSSANALALQAKQYGDFDRYVLALSWQTGFCQSQHD,23
231,MYRKSTLAMLIALLTSAASAHAQTDISTIEARLNALEKRLQEAENRAQTAEN,22
232,MVKDIIKTVTFSCMLAGSMFVTCHVCAAGSVVNITGNVQDNTCDVDINSRNFDVSLG,27
233,MAYSQPSFALLCRNNQTGQEFNSGDTSFRVNVSPVVEYDKSISVLDLSQLVSC,23
234,MKLKAIILATGLINCIAFSAQAVDTTITVTGNVLQRTCNVPGNVDVSLGNLY,22
235,MEKAKQVTWRLLAAGVCLLTVSSVARADSLDEQRSRYAQIKQAWDNRQMDVVEQMMP,27
236,MIRLSAAAALGLAAALAASPALAQTSATAVVKAGDGKDAGAVTVTEAPHGVLL,23
237,MNKAKTLLFTALAFGLSHQALAQDLTVKMTDLQTGKPVGTIELSQNKYGVVF,22
238,MKKIMLIASAMSALSLPFSASAIELGEEGGLECGPYGKVGIVGGMITGAEST,22
239,MNKWGVGLTFLLAATSVMAKDIQLLNVSYDPTRELYEQYNKAFSAHWKQ,19
240,MKGSVRALCAFLGVGALGSALCVSCTTVCPHAGKAKAEKVECALKGGIFRG,21
241,MQQQHLFRLNILCLSLMTALPAYAENVQAGQAQEKQLDTIQVKAKKQKTRRDNE,24
242,MMNFNNVFRWHLPFLFLVLLTFRAAAADTLLILGDSLSAGYRMSASAAWPALLNDK,26
243,MSVRSLRWPRQKAFLAVISLVVAVLLAVPGWLTPATAASQATVQFVAPTWAAERLNNKQLKILDVRT,37
244,MQMKKLLPILIGLSLSGFSSLSQAENLMQVYQQARLSNPELRKSAADRDAAFEK,24
245,MNNNDLFQASRRRFLAQLGGLTVAGMLGPSLLTPRRATAAQAATDAVISKEGILTGSHWGAIRATVKDG,39
246,MRCTRAIRQTARTGWLTWLAILAVTAPVTSPAWADDPPATVYRYDSRPPEDVFQNGFTAWGNND,34
247,MLINNKKLLHHILPILVLALLGMRTAQAVAPGIVIPPKALFTQQGGAYGRCPNGTRAL,28
248,MLRRFPTRTTAPGQGGARRSRVRALAWLLASGAMTHLSPALADVPYVLVKTNMVVTSVAMKPYEVTPTRMLV,42
249,MQRQAGLPLKANPMHTIASILLSVLGIYSPADVAGLPTHLYKNFTVQELALKLKGKNQEFCLTA,34
250,MHLIPHWIPLVASLGLLAGGSSASAAEEAFDLWNECAKACVLDLKDGVRSSRMSV,25
251,MKLSMKSLAALLMMLNGAVMASENVNTPENRQFLKQQENLSRQLREKPDHQ,21
252,MKSPAPSRPQKMALIPACIFLCFAALSVQAEETPVTPQPPDILLGPLFNDVQNAKLFPDQ,30
253,MKPLHYTASALALGLALMGNAQAVTTIPFWHSMEGELGKEVDSLAQRFNAENP,23
254,MKLLQRGVALALLTTFTLASETALAYEQDKTYKITVLHTNDHHGHFWRNEYGEYG,25
255,MAVLCPARVSVAENKKFKLHTLSAMMMGLFTGSFAYAETQNTSNQEQEMPVLVVIGEKTQRSIYETS,37
256,MKKMTLFTLSLLRTAVQVGAQEYVPIVEKPIYITSSKIKCVLHTSGDFNA,20
257,MRTAMAKSLGAAAFLGAALFAHTLAAQTATCSYNITNEWNTGYTGDITITNRGSSA,26
258,MKTFSVTKSSVVFAMALGMASTAFAQDFCSNAQHSGQKVTITSNQTGKIGDIGYE,25
259,MINHNKTPNILAKVFKRTCGLVSTGAALAILSQAASAACTYTIDSEWSTGFTANITLKNDTGAAINNW,38
260,MTKDFKISVSAALISALFSSPYAFAEEPEDGNDGIPRLSAVQISPNVDPKLGVGL,25
261,MKKIACLSAMAAVLAFTAGTSVAATSTVTGGYAQSDAQGQMNKMGGFNLKYRY,23
262,MKILYSFLLLPFFSCAFSVDSMIKFSGEDDFFLVNGNSKEREYIYV,16
