seq,clv_ind
MASKATLLLAFTLLFATCIARHQQRQQQQNQCQLQNIEALEPIEVIQAEA,20
MARSSLFTFLCLAVFINGCLSQIEQQSPWEFQGSEVWQQHRYQSPRACRLE,21
MLVMAPRTVLLLLSAALALTETWAGSHSMRYFYTSVSRPGRGEPRFISVGYVDD,24
MKLSKSTLVFSALLVILAAASAAPANQFIKTSCTLTTYPAVCEQSLSAYAKT,22
MANKLFLVCATLALCFLLTNASIYRTVVEFEEDDASNPVGPRQRCQKEFQQ,21
MARFSIVFAAAGVLLLVAMAPVSEASTTTIITTIIEENPYGRGRTESGCYQQMEE,25
MAKISVAAAALLVLMALGHATAFRATVTTTVVEEENQEECREQMQRQQMLSH,22
MGNNCYNVVVIVLLLVGCEKVGAVQNSCDNCQPGTFCRKYNPVCKSCPPSTFSS,24
MPRVPSASATGSSALLSLLCAFSLGRAAPFQLTILHTNDVHARVEETNQDSGKCFTQSFA,30
MCPRAARAPATLLLALGAVLWPAAGAWELTILHTNDVHSRLEQTSEDSSKCVNASR,26
MTSRMAILSGLLFWLLLEWNPAFAYSPRTPDRVSETDIQRLLHGVMEQLGIARP,24
MASILHYFLALSLSCSFLFFLSDSVTPTKPINLVVLPVQNDGSTGLHWANLQKR,24
MSTLFFTFSLLLLAPLLVISSIQDPELVVQDVHRSINASLTRRNLGYLSC,20
MALHTVLIMLSLLPMLEAQNPEHANITIGEPITNETLGWLSDKWFFMG,18
MPSAIPRGLLLLAGLCCLVFGIMAEDAQVAQGPSQQIPRSLAHFAHSMYRVLTQ,24
MKTIICLFTIAIAAMAAVTNLSNVLKNGNDNFTARMFTEVVKNNPG,16
MMPSTLSLCLMLAGLCSLVTSHLTEEIQASNDTENEYSSTRRISPYMTDFS,21
MTPSISWGLLLLAGLFCLVPSFLAEDVQETDTSRRDSVPASHDTPYNLELSISL,24
MALSITRGLLLLAALCCLAPTSLAGVLQGHAVQETDDTAHQEAACHKIAPNLAN,24
MALLWGLLVLSWSCLQGPCSVFSPVSAMEPLGRQLTSGPNQEQVSPLTLLKLGNQEP,27
MKSFLLLFCLAQLCSCRSIPLDPIAGYKEPACDDPDTEQAALAAVDYI,18
MWKSRRAQLCLFSVLLAFLHSASLLNGDSKYMVLVPSQLYTETPEKICLHLYQLNET,27
MGKHRLRSLALLPLLLRLLLLLLPTDASAPQKPIYMVMVPSLLHAGTPEKACFLFSH,27
MLPGLALLLLAAWTARALEVPTDGNAGLLAEPQIAMFCGRLNMHMNV,17
MVSLKSLAAILVAMFLATGPTVLAQQCRDELSNVQVCAPLLLPGAVNPAANSNC,24
MERMLPLLALGLLAAGFCPAVLCHPNSPLDEENLTQENQDRGTHVDLGLASAN,23
MIVLSVGSASSSPIVVVFSVALLLFYFSETSLGAPCPINGLPIVRNISDLPQDNYGRPGLSHM,33
MAPDLSELAAAAAARGAYLAGVGVAVLLAASFLPVAESSCVRDNSLVRDISQMPQSSYGIEGLSHITV,38
MPALGWAVAAILMLQTAMAEPSPGTLPRKAGVFSDLSNQELKAVHSFLW,19
MNLLVTSSLGVLLHLVVLCQADDHSELLVNTKSGKVMGTRVPVLSSHISAF,21
MGQGWAAPGLPSLLLLLLCCGHSLLVPSRVAARRVTVNQGTTSQATTTSKATTSIRATTHQT,32
MGAAPGRRGPRLLRPPPPLLLLLLLLRPPPAALTLDPGLLPGDFAADEAGARLFASSYNSSAE,33
MDKLLLLVTLVCGTQAFYMFGHEFSRTRLGDTIDKTSLKILKESYN,16
MGSVLFAAVFIALHFATGGLANPDAKRLYDDLLSNYNRLIRPVGNNSDRLT,21
MDFVLTRLILLFLAATIIYSSEDESRLINDLFKSYNKVVRPVKAFKDKVV,20
MTLSHSALQFWTHLYLWCLLLVPAVLTQQGSHTHAEDRLFKHLFGGYNRWARPVPNT,27
MQSIHALLLTAAVCILFQGCGGSEPEHRLYAALFKNYNQFVRPVKNASDPVI,22
MEIGGPGAGTGAPPPLLLLPLLLLLGTGLLPASSHIETRAHAEERLLKRLFSGYNKWSRPVGNI,34
MGLRALMLWLLAAAGLVRESLQGEFQRKLYKELLKNYNPLERPVANDSQPLTV,23
MEPWPLLLLFSLCSAGLVLGSEHETRLVAKLFKDYSSVVRPVEDHRQVVE,20
MALGALLLLLGVLGTPLAPGARGSEAEGQLIKKLFSNYDSSVRPAREVGDRVG,23
MENVRRMALGLVVMMALALSGVGASVMEDTLLSVLFETYNPKVRPAQTVGDKVT,24
MLLLNSALFILCLVCWLPGTSSSRVLTRREGPQCSRSVDVAVVGAGPSGTYSAYKLRNK,29
MAVLLALFGALVLSGGLCVNQEERLIHHLFEERGYNKEVRPVASADEV,18
MGNIHFVYLLISCLYYSGCSGVNEEERLINDLLIVNKYNKHVRPVKHNNEV,21
MAWIWISLLLPILIYFPGCFSESEEERLLNHIFVERGYRKELRPVEHTGET,21
MTMALLGTLLLLALFGRSQGKNEELSLYHHLFDNYDPECRPVRRPEDTVT,20
MCGGQRPLFLLPLLAVCLGAKGRNQEERLLGDLMQGYNPHLRPAEHDSDVVN,22
MVLTLLLIICLALEVRSENEEGRLIEKLLGDYDKRIIPAKTLDHIID,17
MDTVLLLVSLCISAAFCNNEEERLLNDLMKNYNKNLRPVEKDGDIIS,17
MALLRVLCLLAALRRSLCTDTEERLVEYLLDPTRYNKLIRPATNGSQL,18
MKLQISGLLLVTAVAYATIEAPEEFVSLAEMEDTLLRNLFRGYQKWVRPILHANDTIT,28
MLPTAVLLVLAVSVAARDNATCDGPCGLRFRQKLESGMRVVGGMSA,16
MQLLRCFSIFSVIASVLAQELTTICEQIPSPTLESTPYSLSTTTILAN,18
MIQGLESIMNQGTKRILLAATLAATPWQVYGSIEQPSLLPTPPMGFNNWARFMCDLNETLF,31
MATHYSIIGGMIIVVLLMIIGSEGGRLLEKKNRTSAEAEHYNVRRYLAENGLGQ,24
MFAFYFLTACISLKGVFGVSPSYNGLGLTPQMGWDNWNTFACDVSEQL,18
MTMTSTTTKAMAMAAAVLAAAAVAATNAQTCGKQNDGMICPHNLCCSQFGYCGLGRDY,28
MMMRFLSAVVIMSSAMAVGLVSAQRCGSQGGGGTCPALWCCSIWGWCGDSEPY,23
MRSIKAASLTPLLAALFTTLSSTLALPSSVWEHQLETNVLALRDTNNNGSSSTISPSFDVTKCPG,35
MQVLHLCLAVSIAVALLSQAAWSEEVFDDTDVGDELTNALESVLTDFKDKREA,23
MDSAGLHINFRLSHVLTVVTCILYILPPTTTAYSLPAPGKAAFQHQLSKRDVSDGS,26
MSSCQRIISCYSNVVCWFCCLATAAPLTSKAAYLLKRNSLIEEDASRKLGAKIV,24
MRQGCALTLMLLVVVCAALSAAQLNFSTGWGRRYADPNADPMAFLYKLIQIE,22
MYKLTVFLMFIAFVIIAEAQLTFTSSWGGKRAMTNSISCRNDEAIAAIY,19
MKWVTFLLLLFISGSAFSRGVFRREAHKSEIAHRFKDLGEQHFKGLVL,18
MKSSGLFPFLVLLALGTLAPWAVEGSGKSFKAGVCPPKKSAQCLRYKKPECQSDW,25
MALRTGGPALVVLLAFWVALGPCHLQGTDPGASADAEGPQCPVACTCSHDDYT,23
MRLLTSRATRVPSPSGLLCAVLAMLLLTPSGPLASASPIEAAEAAVVRELRCMCLTTTPGIHPKMI,36
MAGRARSGLLLLLLGLLALQSSCLAFRSPLSVFKRFKETTRSFSNECLGTIGPVT,25
MANKHLSLSLFLVLLGLSASLASGQVLFQGFNWESWKHNGGWYNFLMGKVDDIA,24
MFLAKSIVCLALLAVANAQFDTNYASGRSGMVHLFEWKWDDIAAECEN,18
MSFRSLLALSGLVCSGLANVISKRATLDSWLSNEATVARTAILNNIGA,18
MRLLPSSCAGALSLLCSLAIAAPTELKARDLSSFIASERAIALQGALNNIGPDGSAVPG,29
MQLFNLPLKVSFFLVLSYFSLLVSAASIPSSASVQLDSYNYDGSTFSGKIYVKNI,25
MRFGVLISVFVAIVSALPLQEGPLNKRAYPSFEAYSNYKVDRTDLETFLDKQKDVSL,27
MQRPFLLAYLVLSLLFNSALGFPTALVPRGSSEGTSCNSIVNGCPNLDFNW,21
MKFFLLLSLIGFCWAQYDPHTQYGRTAIIHLFEWRWVDIAKECER,15
MMVAWWSLFLYGLQVAAPALAATPADWRSQSIYFLLTDRFARTDGSTTATC,21
MGPRMALPRVLLLLFLHLLLLGCRSHPLGGAGLASELPGIQELLDRLRDRVSELQ,25
MDLQKVLPQMILLLLFLNLSPLGGHSHPLGSPSQSPEQSTMQKLLELIREKSEEMA,26
MGSFSITLGFFLVLAFWLPGHIGANPVYSAVSNTDLMDFKNLLDHLEEKMPVED,24
MGTSFVGYLTFVLLLLALTKVRGGPAYNSPLSSDLSDLKGLLERLEDRLPVEE,23
MAISPGPLFLIFVLGLVVIPPTLAQDDSRYTKFLTQHHDAKPKGRDDRYCERMM,24
MTPTGAGLKATIFCILTWVSLTAGDRVYIHPFHLLYHNKSTCAQLENPSVETLP,24
MPGSRRVRPRLRALLLLPPLLLLRGGHASDLTVAVVLPLTNTSYPWSWARVGPAVELA,28
MPSLLVLTFSPCVLLGWALLAGGTGGGGVGGGGGGAGIGGGRQEREAL,18
MKSVILTGLLFVLLCVDHMTASQSVVATQLIPINTALTPVMMEGKVTNPIG,21
MALSLFTVGQLIFLFWTMRITDTASDAAAAAAATAATAAAAAAATAATAAK,21
MYSNVIGTVTSGKRKVYLLSLLLIGFWDCVTCHGSPVDICTAKPRDIPMNPMCIYRSPEKKA,32
MIKLAILLLFTVAIVRCQGPFGPGCEEAGCPEGSACNIITDRCTCSG,17
MKAAVLAVALVFLTGCQAWEFWQQDEPQSQWDRVKDFATVYVDAVKDS,18
MKLLAMVALLVTICSLEGALVKRQADGPDMQSLFTQYFQSMTEYGKDL,18
MFLKAAVLTLALVATGTRAEVTSDQVANVVWDYFTQLSNNAKEAVEQFQ,19
MPPNLQRIFPALCLLGVLFLLHCTPVLCGCDNPPVVAHGHHTQIIGLFGMKKDEVVYK,28
MDPPRPALLALLALPALLLLLLAGARAEEEMLENVSLVCPKDATRFKHLRKYTYNYE,27
MRLFIALPVLIVVVAMALEGPAPAQAAPDFSSAMESLPDKLKEFGNTLEDKARAAI,26
MDARSLLLLWLLLPLLLLLGCEVQGAHLTQQDEPTSPDLLETLSTYWDSAKAAAQ,25
MQPRVLLVAALLSLLASARASEAEDTSLLGFMQGYMQHATKTAKDALTSV,20
MATMLLLLATLAGLFTTTEGQSFHLGKCPSPPVQENFDVKKYLGRWYEIE,20
MKVLWAALLVTFLAGCQAKVEQAVETEPEPELRQQTEWQSGQRWELAL,18
MRVLWVALVVTLLAGCRTEDEPGPPPEVHVWWEESKWQGSQPWEQALG,18
MKALWALLLVPLLTGCLAEGELEVTDQLPGQSDQPWEQALNRFWDYLR,18
MNTLLAVLMLAVAAQARPDAAGHVNIAEAVQQLNHTIVNAAHELHE,16
MAAKFVVVLAACVALSHSAMVRRDAPAGGNAFEEMEKHAKEFQKTFSE,18
MEHKEVVLLLLLFLKSAAPEQSHVVQDCYHGDGQSYRGTYSTTVTGRTC,19
MVSPVLALFSAFLCHVAIAGRICPKPDDLPFATVVPLKTSYDPGEQIVY,19
MVQYRALVIAVILLLSTTVPEVHSKSIIDRERRDWLVIPDAAAAYIYEAVNKVS,24
MGAPRSLLLALAAGLAVARPPNIVLIFADDLGYGDLGCYGHPSSTTPN,18
MGALAVFAVACLAAVASVAHAADTKKPNFVVIFTDDQDAIQNSTHPHYMPS,21
MKSAPFLFLLGLLGLVTAQTQDPALLDLLRENPDLLSLLLQSNEHRAPLV,20
MANNSVSYLVLLLLVFVLAISESAPVQYCDRVTNLYHEKCDEKQCTEHCKT,21
MKLSSVIPWALLLSTATVDSMDWLPRNTNCGGILKEESGVIATYYGPKTN,20
MRSLNTLLLSLFVAMSSGAPLLKIREEKNSSLPSIKIFGTGGTIASKGSTSATTA,25
MPRYGASLRQSCPRSGREQGQDGTAGAPGLLWMGLVLALALALALALSDSRVLWAPAEAHPLSPQGHPARLHRIVP,46
MAKVADKPFFPKPFLSFLVLSIIFGFGITLSEAGFPKIKHYKWDVEYMFWSPDCVENIVMGIN,33
MARKSNLPVLLVPFLLCQALVRCSSPLPLVVNTWPFKNATEAAWRALASGGSA,23
MLIKSIIALVCLAVLSQADFVRVQLHKTESARQHFRNVDTEIKQLRLK,18
MKIFFFLALLALVVSATFAQYAESDGSYEEVEGSHDRCQQHQMKLDSCREYVAERCTT,28
MVHATSPLLLLLLLSLALVAPGLSARKCSLTGKWTNDLGSNMTIGAVNSRGEFT,24
MGAATKLAFAVFLISCSSAGSILGRSETKECIYYNANWEKDKTNSNGTEI,20
MGTHARKKASLLLLVLATVALVSSPGWSFAQGTPATFGPIFEEQPIGLLFPEESAEDQVT,30
MATLVLSSMPCHWLLFLLLLFSGEPVPAMTSSDLPLNFQGSPCSQIWQHPRFAAK,25
MGKAAAVVLVTLVALLGLASDLTPKVQVYSRFPASAGTKNVLNCFAAGFH,20
MSRSVALAVLALLSLSGLEAIQRTPKIQVYSRHPAENGKSNFLNCYVSGF,20
MEFLWAPLLGLCCSLAAADRHTVFWNSSNPKFRNEDYTIHVQLNDYVD,18
MGHTRRQGTSPSKCPYLNFFQLLVLAGLSHFCSGVIHVTKEVKEVATLSCGHNVSVEELAQTRI,34
MACNCQLMQDTPLLKFPCPRLILLFVLLIRLSQVSSDVDEQLSKSVKDKVLLPCRYNSPHEDESEDR,37
MGRLEVLFLGLTCCLAAACAAKLGAVYTEGGFVEGVNKKLSLLGGDSVDI,20
MSAINHLCLKLILASFAIINTITALTNDGTGHLEFLLQHEEEMYYATTLDIGTP,24
MAAGADVPCAVLALLVLGSLAAGGDATGPVITGQYSSSADKVVLSCNISAPPTLIK,26
MVLIRVIANLLILQVSYAQKSSELVIGGDECDINEHPFLAFMYYSPRY,18
MYFKKRRWFLILESLLLSLVTGFQDQSVPNVNAITGSNVTLTILKHPLASYQ,22
MGAVFAIIGGFALDSPILRLYLDQLSLNHFTDIVGATKVSSLNIPWPLRI,20
MLRVPLCTPLPLLALLQLLGAAHGIYNVTQRTFKLDYSRDRFLKDGQPFRYISG,24
MLLILELLVLIIGLGVALPVQTHNLTDNQGFDEESSQWISPHYYPTP,17
MRFSTTLATAATALFFTASQVSAIGELAFNLGVKNNDGTCKSTSDYETELQAL,23
MSPRRSVCWFVLGQLLCSCAVALQGGMLFPKETPSRELKVLDGLWSFRADYS,22
MGFHQILVTVVALALASVRAEFPSRTDSPTDCPEADQGCWCRGSFAQCWR,20
MAAATIVHDTSEAVELCPAYGLYLKPITKMTISVALPQLKQPGKSISNWEV,21
MRGIALFVAAVSLIVEGTAESSICSDFGNEFCRNAECEVVPGAEDDFVC,19
MRENMARGPCNAPRWVSLMVLVAIGTAVTAAVNPGVVVRISQKGLDYASQQGTAALQKELK,31
MDPTAPGSSVSSLPLLLVLALGLAILHCVVADGNTTRTPETNGSLCGAPGENCTGTTPRQK,31
MAVFPNSCLAGCLLIFILLQLPKLDSAPFDVIGPQEPILAVVGEDAELPCRLSPNV,26
MKLLLAIALMLTTVMWASTQQPQAVHTYCGRHLARTLADLCWEAGVDKR,19
MEGPRGWLVLCVLAISLASMVTEDLCRAPDGKKGEAGRPGRRGRPGLKGEQG,22
MVVGPSCQPQCGLCLLLLFLLALPLRSQASAGCYGIPGMPGMPGAPGKDGHDGLQGPKG,29
MWLLYLLVPALFCRAGGSIPIPQKLFGEVTSPLFPKPYPNNFETTTV,17
MFFWCACCLMVAWRVSASDAEHCPELPPVDNSIFVAKEVEGQILGTY,17
MCAKQQQTLLPTRAAHGRLHRNRDVVAWPFSTLCRVSGPTLFQMTFTAALWVAVFGKCGPPPAIPNALPASDVNRTDFESHTTLKY,56
MFSFVDLRLLLLLAATALLTHGQEEGQVEGQDEDIPPITCVQNGLRYHDRDV,22
MMSFVQSGTWFLLTLLHPTLILAQQSNVDELGCSHLGQSYESRDVWKPEPCQI,23
MLPFWKRLLYAAVIAGALVGADAQFWKTAGTAGSIQDSVKHYNRNEPKFPIDD,23
MGPRLSVWLLLLFAALLLHEERSRAAAKGDCGGSGCGKCDCHGVKGQKGERGLPGLQ,27
MRLAHALLPLLLQACWVATQDIQGSKAIAFQDCPVDLFFVLDTSESVAL,19
MAVPPGPPQLLQVLLTISLGSIRLIQAGAYYGIKPLPPQIPPQMPPQIPQ,20
MKTCWKIPVFFFVCSFLEPWASAAVKRRPRFPVNSNSNGGNELCPKIRIGQDD,23
MHLQISLLLLFCLNIVHGSDGYFSERYQKQSSIKGPPHFLPFNVKSQG,18
MLSFVDTRTLLLLAVTLCLATCQSLQEETVRKGPAGDRGPRGERGPPGPPGR,22
MSSRLRIPLWLLLPTTALVYFVTTVSTQITCRDCTNRGCFCVGEKGSMGIPGPQGP,26
MDRVRFKASGPPLRGWLLLATVTVGLLAQSVLGGVKKLDVPCGGRDCSGGCQCYP,25
MMANWAEARPLLILIVLLGQFVSIKAQEEDEDEGYGEEIACTQNGQMYLNRDIWKP,26
MSRRTAEMFQQAFLSTLLCVALVPLHAQFDDEPVTSCTEKTDCPISVYFVIDTSESI,27
MTVFPTLGLLFLCQLLATTSAQRVGPQGPPGPRGPPGPSGKDGIDGEPGPS,21
MARTGALLLAALALAGCAQACIYKFGTSPDSKATHTGDHWDHSLNGENWE,20
MRMLLALLALSAARPSASAESHWCYEVQAESSNYPCLVPVKWGGNCQK,18
MRALVLLLSLFLLGGQAQHVSDWTYSEGALDEAHWPQHYPACGGQRQ,17
MVMMKLSALLIAYFLVICQMYSSHAAPARTGLESMTDQVTLTDYEARRLLNAIVK,25
MGFLKFSPFLVVSILLLYQACGLQAVPLRSTLESSPGMAATLSEEEARLLLAALV,25
MEGKWLLCMLLVLGTTIVQAHEGHDDDMIDIEDDLDDVIEEVEDSKSKPD,20
MRVLSGTSLMLCSLLLLLQALCSPGLAPQSRGHLCRTRPTDLVFVVDSSRSV,22
MAFSARFPLWLLLGVVLLASVSASFAHSGHSGGEAEDESEESRAQNNPYLFRSNKF,26
MTRLTVLALLAGLLASSRAGSSPLLDIVGGRKARPRQFPFLASIQNQGRHFCGGAL,26
MKATCWILAGFCLLFCCKAEEGLNFPTYDGKDRVIDLNEKNYKHALKKY,19
MHSNFQEYTNSLANKYLNLFNTAHGNPSNFGLQHVLTNQEAEVPFVTPKEGGKYDAPLTNYLNAQYFT,38
MLFSKISSAILLTAASFALTSARPVSKQSDADDKLLALPLTSVNRKYSQTKH,22
MFSLKALLPLALLLVSANQVAAKVHKAKIYKHELSDEMKEVTFEQHLAHLG,21
MKLLILTCLVAAAFAMPRLHSRNAVSSQTQQQHSSSEEIFKQPKY,15
MKLLILTCLVATALARHKFHLGHLKLTQEQPESSEQEILKERKLL,15
MKFIILTCLLAVALAKQRMEQYISSEESMDNSQENFKQNMDVAFF,15
MKFFIFTCLVAAALAKHAVKDKPSSEESASVYLGKYKQGNSVFFQ,15
MKVLILACLVALALARETIESLSSSEESITEYKQKVEKVKHEDQQ,15
MKVLILACLVALALAREKEQLSVPTEAVGSVSSSEEITHINKQKL,15
MMKSFFLVVTILALTLPFLGAQEQNQEQPICCEKDERFFDDKIAKYIPIQY,21
MMRNFIVVMNILALTLPFLAAEIQNPDSNCRGEKNDIVYDEQRVLYTPVRS,21
MGKSSEAWCIVLFSVFASFSAEPTMHGEILSPNYPQAYPNEMEKTWDIEVP,21
MGPWTHSLRAALLLVLLGVCTVSSDTPANCTYPDLLGTWVFQVGPRHPRSHINC,24
MQPSSLLPLALCLLAAPASALVRIPLHKFTSIRRTMSEVGGSVEDLIA,18
MKTLLLLLLVLLELGEAQGSLHRVPLRRHPSLKKKLRARSQLSEFWK,17
MWATLPLLCAGAWLLGVPVCGAAELSVNSLEKFHFKSWMSKHRKTYSTEEYH,22
MTPLLLLAVLCLGTALATPKFDQTFNAQWHQWKSTHRRLYGTNEEEW,17
MSLALYTCLLWLCTSGLWTAQASTNESSNSHRGLAPTNVDFAFNLYQRLVAL,22
MQGLLILSVLLGAALGKEDFVGHQVLRITAADEAEVQTVKELEDLE,16
MLALLVLVTVALASAHHGGEHFEGEKVFRVNVEDENHINIIRELA,15
MRFFLLMAVIYTTLAIAPVHFDREKVFRVKLQNEKHASVLKNLTQ,15
MSDLLSVFLHLLLLFKLVAPVTFRHHRYDDLVRTLYKVQNECPGITRVYS,20
MNSGVCLCVLMAVLAAGALTQPVPPADPAGSGLQRAEEAPRRQLRVSQRT,20
MERVLGLLLLLLVHASPAPPEPCELDEESCSCNFSDPKPDWSSAF,15
MPSPLPVSFLLFLTLVGGRPQKSLLVEVEEGGNVVLPCLPDSSPVS,16
MGCLLFLLLWALLQAWGSAEVPQRLFPLRCLQISSFANSSWTRTDGLAWL,20
MLLLFLLFEGLCCPGENTAAAEEQLSFRMLQTSSFANHSWAHSEGSGWL,19
MLLLPLLLLAGRFPGGDNEDALQGPTSYHVMQISSFTNSTWTENRGSG,18
MLRLLLALNLFPSIQVTGNKILVKQSPMLVAYDNAVNLSCKYSYNLFS,18
MRCKFLGSFFLLFSLSSKGADCRDSGTVWGALGHGINLNIPNFQMTDDIDEV,22
MRVLLAALGLLFLGALRAFPQDRPFEDTCHGNPSHYYDKAVRRCCYRC,18
MEHYGILVSLLLATVLPQGSPFKIEVVEYEDKVFVNCNTSIRHLDGSVERW,21
MQSGTHWRVLGLCLLSVGVWGQDGNEEMGGITQTPYKVSISGTTVILTCPQY,22
MRWNTFWGILCLSLLAVGTCQDDAENIEYKVSISGTSVELTCPLDSDENLK,21
MEQRKGLAGLFLVISLLQGTVAQTNKAKNLVQVDGSRGDGSVLLTCGLTDKT,22
MKWKALFTAAILQAQLPITEAQSFGLLDPKLCYLLDGILFIYGVILTALFL,21
MGLWLKLLAFGFALLDTEVFVTGQTPTPSDGASLTTLTPSTLGLASTDPPSTT,23
MDKFWWHAAWGLCLVPLSLAQIDLNITCRFAGVFHVEKNGRYSISRTEAA,20
MCRGFSFRHLLPLLLLQLSKLLVVTQGKTVVLGKEGGSAELPCESTSRRSASFAWKS,27
MKRFLFLLLTISLLVMVQIQTGLSGQNDTSQTSSPSASSNISGGIFLFFVANAI,24
MGIQGGSVLFGLLLVLAVFCHSGHSLQCYNCPNPTADCKTAVNCSSDFDACLITK,25
MDSHEVLLAATYLLGTLAAFCLGQSGRGGLDIQVMLSGSNSKCQGQVEIQMEN,23
MAGPPRLLLLPLLLALARGLPGALAAQEVQQSPHCTTVPVGASVNITCSTSGGLR,25
MALPVTALLLPLALLLHAARPSQFRVSPLDRTWNLGETVELKCQVLLSNPT,21
MASPLTRFLSLNLLLLGESIILGSGEAKPQAPELRIFPKKMDAELGQKVDLVCEVLG,27
MQPWLWLVFSVKLSALWGSSALLQTPSSLLVQTNQTAKMSCEAKTFPKGTT,21
MGSAGARPALAAALLCLARLALGSPCPAVCQCPAAAPQCAPGVGLVPDGCGC,22
MNFNKIFVFVALILAISLGNSEAGWLRKLGKKIERIGQHTRDASIQVLGIAQQ,23
MNFTKILFFVVACVFAMRTVSAAPWNPFKELEKVGQRVRDAVISAGPAVATV,22
MKILILGIFLFLCSTPAWAKEKHYYIGIIETTWDYASDHGEKKLISVDT,19
MLAATVLTLALLGNAHACSKGTSHEAGIVCRITKPALLVLNHETAKV,17
MKLLHVFLLFLCFHLRFCKVTYTSQEDLVEKKCLAKKYTHLSCDKVFC,18
MSTFAFLLFCAQACLIQNVCGLYLGGLGGCGCGGGWNGWNGLGGGWNGLGV,21
MGLEFFFKFGYVFLTITLMIMIWMSLARASMFDREMEETHYPPCTYNVMCTCSKSSTDL,29
MTTIVVLICASALFVQLAFSQCLGRDPVIGFGGAYGSGWGGYDAISPYDG,20
MSTFAVLLLCVQACLIQNVYSQCLGRVGPGGPPLGPYGGPLGGPGYGPVGY,21
MAAKLIVFVCAIALVAQSVLGTGCGCCCRGCGCGCGGCGCGCCENFRVCSN,21
MLARTFLGMAISAFLASTGVQAAWSSNGPNVMYYWGQNSAGGSNTQASLGTY,22
MRSLAVVVAVVATVAMAIGTARGSVSSIVSRAQFDRMLLHRNDGACQAKGFYT,23
MSLLYIILLFTQFLLLPTDAFDRSANTNIAVYWGQNSAGTQESLATYCES,20
MRLLEFTALSSLLVLFLLLAVSAEQCGKQAGGARCPSGMCCSNFGWCGNTQDY,23
MNQSTITQNMALTKLSLVLFLCFLGLYSETVKSQNCGCAPNLCCSQFGYCGSTDAYCGTGCRS,33
MTNMTLRKHVIYFLFFISCSLSKPSDASRGGIAIYWGQNGNEGNLSATCATGRYAYVNVA,30
MNIKVSLLFILPIFLLLLTSKVKAGDIVVYWGQDVGEGKLIDTCNSGLYNIVNI,24
MEFSGSPMALFCCVFFLFLTGSLAQGIGSIVTSDLFNEMLKNRNDGRCPANGFY,24
MNRTTLILFFIILSNTITVIHGYVRGCYYTNWAQYRDGEGKFLPGNIPNGLC,22
MQTQHTKVTQTHFLLWILLLCMPFGKSHTEEDFIITTKTGRVRGLSMPVLGGTVTAFLG,29
MAFRGIVVLASALFVQSALSQCVGRAGPGLGGYRGGWDGFGYDGLGYDGA,20
MRCLVVLLAVFALSQGAEITRIPLYKGKPLRKALKERGLLEDFLQK,16
MAAGRPLAWTLTLWQAWLILIGPSSEEPFPSAVTIKSWVDKMQEDLVTLAKTASGV,26
MGTLLALVVGAVLVSSAWGGCVEVDSETEAVYGMTFKILCISCKRRSE,18
MMKTLLLFVGLLLTWESGQVLGDQTVSDNELQEMSNQGSKYVNKEIQNAVNG,22
MRSSAALALLLCAGQVFALPVNSPMTKGDTKVMKCVLEVISDSLSKPS,18
MAPLLALFYLLQLGPGLAALFCNQNVNITGGNFTLSHGWAPGSLLIYS,18
MGPTSGPSLLLLLLTHLPLALGSPMYSIITPNILRLESEETMVLEAHDAQGD,22
MEGMALYLVAALLIGFPGSSHGALYTLITPAVLRTDTEEQILVEAHGDSTPK,22
MRLLWGLAWVFSFCASSLQKPRLLLFSPSVVNLGTPLSVGVQLLDAPPG,19
MGLWGILCLLIFLDKTWGQEQTYVISAPKILRVGSSENVVIQVHGYTE,18
MARRSVLYFILLNALINKGQACFCDHYAWTQWTSCSKTCNSGTQSRHRQIV,21
MKVISLFILVGFIGEFQSFSSASSPVNCQWDFYAPWSECNGCTKTQTRRRSV,22
MLPPGTATLLTLLLAAGSLGQKPQRPRRPASPISTIQPKANFDAQQFAGT,20
MEKKLFGIALLLTTVASVLAADTNAPICLCDEPGVLGRTQIVTTEIKDKI,20
MFSLLLLLLLLCNTGSHGFPAATSETQEQDVEIVQKYLKNYYNLNSDGV,19
MRLTVLCAVCLLPGSLALPLPQEAGGMSELQWEQAQDYLKRFYLYDS,17
MFSLKTLPFLLLLHVQISKAFPVSSKEKNTKTVQDYLEKFYQLPSNQYQS,20
MSLWQPLVLVLLVLGCCFAAPRQRQSTLVLFPGDLRTNLTDRQLAEEYL,19
MLCPAWLLAVAVVGVVRGVKGQCWENPRCHDLSSENNLLECIQLCRSDLTT,21
MPRFCNSRSGALLLALLLQTSIDVWSWCLESSQCQDLTTESNLLACIRACRLDLSA,26
MKVLVVLLVTLVAVAYAVPGPRGLFINLEDGEICVNSMQCKSRCCQH,17
MAISKKSSLFLPIFTFITMFLMVVNKVSSSTHETNALHFMFNQFSKDQKDLILQGDATT,29
MATLADSAICFLLLSLLLIGACLVTPTEGRAKDDRRTRGRGSSSGVLSSSSSSS,24
MMSSLCGMPLTYLLTAAVLSLSLTDACFIRNCPKGGKRSLDTGMVTSRECMKCGPG,26
MRFFISHLVTLCFIFCVADSTHFSEEGNKGYGPVFEEQPIDTIYPEESS,19
MKMPLLVSHLLLISLTSCLGDFTWHRRYGHGVSEEDKGFGPIFEEQPINT,20
MGASSPRSPEPVGPPAPGLPFCCGGSLLAVVVLLALPVAWGQCNAPEWLPFARPTNLTDEFEFPIGTYLNY,41
MGAAGLLGVFLALVAPGVLGISCGSPPPILNGRISYYSTPIAVGTVIRYS,20
MAKIANASLSQQQKQRQAETATTTTTTVAASGRNSNNNSKKSRPHEKRHVKLRSHLLKRRPFQFIRRPQWIPLFILIYLATDVASVAVPTKEAYFNGSTYLRLTTPMPIWDHSAISFRSC,90
MRLNFLVTTMALLVAFPPPYECRAIDSSSNQPVTDPDEERQSPAVLARMGEEYF,24
MSPNFKLQCHFILIFLTALRGESRYLELREAADYDPFLLFSANLKRELAGEQPY,24
MKTFHGPTFGTAVFLYLLLFLPSALEEGEITSKVKFPPSSSPSFPRLVMVGTLP,24
MEKLLWCLLIMISFSRTFGHEDMFKKAFVFPKESDTSYVSLEAESKKPL,19
MLLPVPLLLGLLGLAAAEPVVYFKEQFLDGDGWTERWIESKHKSDFG,17
MARLSSLLSFSLALLTFLHGSTAQQFPNECQLDQLNALEPSHVLKAEAGRIEV,23
MNKIIILLIILLSFDIISAAKKFGRKGIRTLGDNEVLLSDGAIRGTVTD,19
MKFLLVLIILYNILNSAHSAPTITAVSNGKFGVPTYITITGTGFTGTPV,19
MTARGRAGRCPSSTWLGSRLLLVCLLMSRSIAKEVSEHCSHMIGNGHLKVLQQLIDSQMETS,32
MWLQSLLLLGTVACSISAPARSPSPSTQPWEHVNAIQEARRLLNLSR,17
MAQLSAQRRMKLMALQLLLWQSALWSGREAVPLVTVSALPPSLPLPRSFLLKSLEQVRKI,30
MMRKLAILSVSSFLFVEALFQEYQCYGSSSNTRVLNELNYDNAGTN,16
MKNFILLAVSSILLVDLFPTHCGHNVDLSKAINLNEVNFNNVDASSLGA,19
MKKCTILVVASLLLVDSLLPGYGQNKSVQAQRNLNELCYNEENDNKLYH,19
MAFLWLVSCFALVGATFGCGVPTIQPVLTGLSRIVNGEDAIPGSWPWQ,18
MFKFVMICAVLGLAVANPPVPHSLGRSEDVHADVLSRSDDVRADGF,16
MFKILLVCALVALVAANENPEVKELVNDVQADGFVSKLVLDNGSAA,16
MYKYLFCLALIGCACADNINKDAQIRSFQNDATDAEGNYQYAYETS,16
MLVKTALFVTLIGLAQAGPLPAKSSGSEDTYDSHPQYSFNYDVQDPE,17
MALVRVSCMLALLLIAGQGQAAPVKTEGRTLGLLGGGFGGSVGLSAGIGVG,21
MKFFALTTLLAATASALPTSNPAQELEARQLGRTTRDDLINGNSAS,16
MATTVKSRFPLLLFLGIIFLASVCVTYANYDEGSETRVPGQRERGRQEGEKEEKRHGE,28
MKTLLLTTVVVTIVCLDLEYTLKCNKLVPLFYKTCPAGKNLCYKMFMVATP,21
MATTRLLFLLVVAVMITMVRSATLHYNPTVINLDRGRPKLHIGMLTSWTNA,21
MKVLLAAALIAGSVFFLLLPGPSAADEKKKGPKVTVKVYFDLRIGDEDVGRVIFG,25
MLKPSLPFTSLLFLQLPLLGVGLNTTILTPNGNEDTTADFFLTTMPTDSLSV,22
MKYVLILCVITLATVAYAQPQCVGCPSEVKGDKLKQSEETLNKSLSKLAA,20
MAGPLRAPLLLLAILAVALAVSPAAGSSPGKPPRLVGGPMDASVEEEGVRRALDFA,26
MARPLCTLLLLMATLAGALASSSKEENRIIPGGIYDADLNDEWVQRALHF,20
MAGARGCVVLLAAALMLVGAVLGSEDRSRLLGAPVPVDENDEGLQRALQFAMA,23
MTVARPSVPAALPLLGELPRLLLLVLLCLPAVWGDCGLPPDVPNAQPALEGRTSFPEDTVITYK,34
MRLFSLLPLLALLVVQVAGQSEVTSDDPATDAGSTTNSTTDTKPRIPSQDEIL,23
MRTLAILAAILLVALQAQAEPLQARADEVAAAPEQIAADIPEVVVSLAW,19
MISKILCLSLLVAAVVADQVDVKDCANNEIKKVMVDGCHGSDPCIIHR,18
MSASASACDCLVGVPTGPTLASTCGGSAFMLFMGLLEVFIRSQCDLEDPCGRASSRFRSEPDYEYDFIVIGG,42
MALSDLLELTLLLLLPLLERLSAEDCPCSEASLCRPIRHHRDFEVFVFDVGQK,23
MKLFYLLVICALSLAVMADEKPKLILPTPAPPNLPQLVGGGGGNRKDG,18
MREAAFMYSTAVAIFLVILVAALQGSAPRESPLPYHIPLDPEGSLELSWNVSYTQ,25
MRYTGLMGILLTLVNLLQLAATLRIAAFNIRTFGDTKMSNATLSSYIVKILS,22
MAVASAAPGSIFWKQLLFSLLVLILFCDACQKISLQVPSHLRAEALVGKVNLKECLQSA,29
MARKGVDVAVALVLVALAAFPAVHSIGVCNGVLGNNLPAPSDVVTLYRSKRIDAM,25
MSTSHKHNTPQMAAITLLGLLLVASSIDIAGAQSIGVCYGMLGNNLPNHWEVIQLYKSRNIG,32
MARGAALALLLFGLLGVLVAAPDGGFDLSDALPDNENKKPTAIPKKPSAGDD,22
MAGKVTVAFFMFAMIAFLANFGYVECNPAIATGYDPMEICIENCAQCKKMLGAWFE,26
MKRLLVLTLVSAILMAEFLDATDAVTTRRRRRRHLHKGAGKSQMLE,16
MRPSGTAGAALLALLAALCPASRALEEKKVCQGTSNKLTQLGTFEDHFLSLQRM,24
MKSSLTLLFLAAIGYTIAYPPSSDYDSGYGGGGGGGGGGGYGGWCGGSDCYGGGNGG,27
MKFHLVLLLAIVPLTLARHPHGKFNRHASYDDREKHRGYRKENDYLN,17
MLRFLVFASLVLYGHSTQDFPETNARVVGGAEARRNSWPSQISLQY,16
MIRTLLLSALVAGALSCGYPTYEVQHDVSRVVGGQEASPNSWPWQV,16
MAGLTAAAPRPGVLLLLLSILHPSRPGGVPGAIPGGVPGGVFYPGAGLGALGGGAL,26
MKLLVLCIFAMMATLAMSRRWNFVTPREVNKAFEVALKVQIIAGFDRT,18
MKLPLLLALLFGAVSALHLRSETSTFETPLGAKTLPEDEETPEQE,15
MRVLWVLGLCCVLLTFGFVRADDEVDVDGTVEEDLGKSREGSRTDDEVVQR,21
MQAFAVAALSIWLCLGATTLAESHGPQHCTSPNMTGVLTVLALTGGEIKAT,21
MHTVKLLCVVFSCLCAIGWASHHSHRQPCHSPQLTSGTMKVVSTGGHDLA,20
MDKLRVPLWPRVGPLCLLLAGAAWAPSPSLPDPKFESKAALLASRGSEELLCFT,24
MGVPERPTLLLLLSLLLIPLGLPVLCAPPRLICDSRVLERYILEAKEAENVTMGCA,26
MPSAALRCSRAWRLLLASALLASASDVLELTDENFESRVSDTGSAGLMLVEFFA,24
MENIMPFALLGLCVGLAAGTEGAVVKDFDISKFLGFWYEIAFASKMGTPGLA,22
MKVEIVELVVLLFSVTCVDAWLQGADCTRVADHKEHAPVTEAVCYLRCLSDAL,23
MRIFLVSVILINACWAGPIVETNYGKVEGIEYEGAEVFLAIPFAKP,16
MKNTCGILLNLFLFIGCFLTCSASNTPKVQVHSGEIAGGFEYTYNGRKIYSFL,23
MTSHVLALAFLLHACTALAWQETNSRSVVAHLDSGIIRGVPRSADGIKF,19
MSIFKRLLCLTLLWIAALESEADPLIVEITNGKIRGKDNGLYYSYESIP,19
MRLYPLVWLFLAACTAWGYPSSPPVVNTVKGKVLGKYVNLEGFAQPVA,18
MQPLPSLCGRALVALILACGVAGIQAEEREFPPAGATQPLPGTGEMMETPTETSWP,26
MAVIISSKVLLIQLFVLVLGSFSKLSHGELWLELPLPFDWPPAEIPLPDIPSP,23
MKILSVFFLVLFFIIFNKESLAEKTNKETGSGVSSKKKNKKGSGEPLIDVHD,22
MGRIARGSKMSSLIVSLLVVLVSLNLASETTAKYTYSSPPPPEHSPPPPEHSPPPPYHYESP,32
MRLKNLTFIIILIISGELYAEEKPCGFPHVENGRIAQYYYTFKSFYFPMS,20
MIFLYQVVHFILFTSVSGECVTQLLKDTCFEGGDITTVFTPSAKYCQV,18
MRALLLLGFLLVSLESTLSIPPWEAPKEHKYKAEEHTVVLTVTGEPCHF,19
MFPGCPRLWVLVVLGTSWVGWGSQGTEAAQLRQFYVAAQGISWSYRPEPTNSSLNLSV,28
MQIELSTCFFLCLLRFCFSATRRYYLGAVELSWDYMQSDLGELPVDARF,19
MEGPRLTALMLLLLLTLAADRASAKGEKSLEYKIRDDPDLSQFYSWLEHNEVAN,24
MSRIVFICLAAILTDALTWAQVNVEPNTALLNEGDRTELLCRYGRSINYC,20
MLWIWAVLPLVLAGSQLRVHTQGTNSISESLKLRRRVHETDKNCSEGLYQG,21
MERAAPSRRVPLPLLLLGGLALLAAGVDADVLLEACCADGHRMATHQKDCSLPYATESK,29
MDTGGSARLCLALVLISLGVMLTATQKSVVSLDPPWIRILTGDKVTLICNGNN,23
MILTSFGDDMWLLTTLLLWVPVGGEVVNATKAVITLQPPWVSIFQKENVTLWCE,24
MGMSQPGVLLSLLLVLLPQTWGAEPRLPLMYHLAAVSDLSTGLPSFWATGWL,22
MESNWTVHVFSRTLCHMLLWTAVLNLAAGTHDLPKAVVKLEPPWIQVLKEDTVTLTCEG,29
MRGALLVLALLVTQALGVKMAETCPIFYDVFFAVANGNELLLDLSLT,17
MLDAALPPCPTVAATADCEICPAVKRDVDLFLTGTPDEYVEQVAQYKA,18
MKWVESIFLIFLLNFTESRTLHRNEYGIASILDSYQCTAEISLADLAT,18
MVIIWILLLSFISCGPQVSWAKRLEREPKYPCSRGGKLCDPRQRRDAGGRG,21
MHKWILTWILPTLLYRSCFHIICLVGTISLACNDMTPEQMATNVNCSSPERHTRSYDYMEG,31
MLLLALLAFLLVSRTIARPSYSMVDDTTPEPEEPPAKYQISKAD,14
MGAPACALALCVAVAIVAGASSESLGTEQRVVGRAAEVPGPEPGQQEQLVFG,22
MFSFIMKAAILLILVGCISFCISSEPLNESEITFEREERSLADPAGRQKRQSGL,24
MLSLRVACLILSLASTVWTADTGTTSEFIEAGGDIRGPRIVERQPSQCK,19
MKRMVSWSFHKLKTMKHLLLLLLCVFLVKSQGVNDNEEGFFSARGHRPLDKKREEAPSLR,30
MRHLWLLLLSVSLVQTQAATTDSDKVDILSARRVLRSILEDLRSKMQK,18
MTRLPKQGLLLLQSLALLSSAFGNIIPNTDNCCILDGRFGEYCPTTCGISDFLNR,25
MLRGPGPGRLLLLAVLCLGTSVRCTETGKSKRQAQQIVQPPSPVAVSQSKPGCFDNGKHYQI,32
MRLSWFRVLTVLSICLSAVASTGTEGKRKLQIGVKKRVDHCPIKSRKGDVL,21
MFLLALYQMQSAIHSEIIDTPNYAGNSLQDTDSEVSPSQDNDLVDALLGNDQTE,24
MVWKWMPLLLLLVCVATMCSAQDRTDLLNVCMDAKHHKTKPGPEDK,16
MVRPKHQPGGLCLLLLLLCQFMEDRSAQAGNCWLRQAKNGRCQVLYKTELSKEECCSTG,29
MKSVQFCFLFCCWRAICCRSCELTNITITVEKEECSFCISINTTWCAGY,19
MWDLKSEWWAVGFGLLLLLAASAQAGGLAPHHYTPDWPSLDSRPLPRWFDEAKFGLFV,28
MKIILTLSIFLICFLQLGQSVIDPSQNEVMSDLLFNLYGYDKSLDPCNSN,20
MPMLAFALSFYFSLSTAFYFHVGEREEKCIIEDIPSDTLVTGTFKTQ,17
MAAVVAATRWWQLLLVLSAAGMGASGAPQPPNILLLLMDDMGWGDLGVYGEPSRET,26
MDNGMLSRFIMTKTLLVFCISMTLSSHFGFSQMPTSSVQDETNDNITIFTRILDGLLDGYD,31
MWTFQADRLSGIVSALAALCVACCAQSPSTGNISVVKEIVDKLLKGYDVRLRPDF,25
MDVLGWLLLPLLLLCTQPHHGARAMNDIGDYVGSNLEISWLPNLDG,16
MARGSVILLAWLLLVATLSATLGLGMPTKEKRGWTLNSAGYLLGPHAIDNHRSFS,25
MKHLLTLALCFSSINAVAVTVPHKAVGTGIPEGSLQFLSLRASAPIGSAISRNNWAVTCDSAQSGNECNKA,41
MNVLFLSYNICILFFVVCTLNFSTKCFSNGLLKNQNILNKSFDSITGRLLNETEL,25
MLFKSLSKLATAAAFFAGVATADDVPAIEVVGNKFFYSNNGSQFYIRGVAYQ,22
MQRLCVCVLILALALTAFSEASWKPRSQLQDAPSGPGANGGLEPHWLNR,19
MKTFLILALRAIVATTATIAVRVPVPQLQPQNPSQQQPQKQVPLVQQQQF,20
MAPHRPAPALLCALSLALCALSLPVRAATASRGASQAGAPQGRVPEARPNSMVVEHP,27
MGYSKTLVAGLFAMLLLAPAVLATDPDPLQDFCVADLDGKAVSVNGHTCKPMS,23
MDLWQLLLTLAVAGSSDAFSGSEATPAVLVRASQSLQRVHPGLETNSS,18
MIILVLLISYSFGKTQDGKDQLSPNYPYGKMNKDVNFNKPFTS,13
MRLLPLAPGRLRRGSPRHLPSCSPALLLLVLGGCLGVFGVAAGTRRPNVVLLLTDDQDEVLGGMTP,36
MKFLILALCFAAASALSADQISTVQASFDKVKGDPVGILYAVFKA,15
MLRQLLVLVGLAVVCLADEHEHCCSEEDHRIVQKQWDILWRDTESSK,17
MRFLLLAAFVAYAYAKSDEEIRKDALSALDVVPLGSTPEKLENGR,15
MKFFAVLTLCIIGAIAHPLTSDEANLVKSSWNQVKHNEVDILAAVF,16
MKVLAIFALCIIGALATPCDDFKIMQEAWNTMKNEEVEILYTVFKA,16
MRSLLLLSIVFFVVTVSANKTRELCMKSLEHAKVDTSNEARQDGIDLY,18
MAKLVLSLCFLLFSGCCFAFSFREQPQQNECQIQRLNALKPDNRIESEGGF,21
MMRARFPLLLLGLVFLASVSVSFGIAYWEKENPKHNKCLQSCNSERDSYRNQ,22
MAARLIGFFLFQAVSWAYGAQPCIPKSFGYSSVVCVCNASYCDSLDPVT,19
MFWTRYAGASVLLFLMLIHLGQLYPRNYMNNFGCEECKLKENNIFSKPGAPVY,23
MCLLKSTGLSLILSALLVIADSYPNSDKTNMGCEECTLKPNTIFPNIMQCTG,22
MDYYRKYAAIFLVTLSVFLHVLHSAPDVQDCPECTLQENPFFSQPGAPILQCMG,24
MYGKIIFVLLLSEIVSISALSTTEVAMHTSTSSSVTKSYISSQTNGETG,19
MDKGLHFIFCVVTAVLLLRESSQTGAMRNDDAMIKPNDLRGPEENLPSLTVTT,23
MAKRLVLFVAVVVALVALTVAEGEASEQLQCERELQELQERELKACQQVMD,21
MKTFLVFALLAVVATSTIAQMETSCIPGLERPWQEQPLPPQHTLFPQQQP,20
MKPLLLVLALCGAQVHAHSVGLRPDYNDYSDEDTRRDWLPEPLKPVP,17
MTSLHSLAGLLLLMIIQSSWQMPDQDPDRNSMLLNENSMLTEPIEPLNMKR,21
MKTVYIVAGLFVMLVQGSWQHAPQDTEENARSFPASQTEPLEDPDQINED,20
MELRARGWWLLCAAAALVACTRGDPASKSRSCSEVRQIYGAKGFSLSDVPQAE,23
MLLLVTSLLLCELPHPAFLLIPEKSDLRTVAPASSLNVRFDSRTMNLSWDCQ,22
MCVSRLALLLGLLLCVGAQLSFAQHWSHGWYPGGKRELDSFGTSEISEEIKLC,23
MILKLMAGILLLTVCLEGCSSQHWSYGLRPGGKRNTEHLVESFQEMGKEVD,21
MDLSSKTVVQVVMLALIAQVTFSQHWSYGWLPGGKRSVGELEATIRMMDTGGV,23
MPLLLLLLLLPSPLHPHPICEVSKVASHLEVNCDKRNLTALPPDLP,16
MGSGPRGALSLLLLLLAPPSRPAAGCPAPCSCAGTLVDCGRRGLTWASLPTAFPVD,26
MARASLIQPGLWALLLLQAVGPAVAAKLNIPKVLLPFTRATRVNFTLEASEGCYR,25
MCCKAILSFCILSSLGNALYFGSHRPQYLREVGQRQYPFEPQAFGMLP,18
MVGSYVLWLALASCILTLASPEQQGNRNLINTRSYDPCQNYTLLDEPSRST,21
MGVKASQTGFVVLVLLQCCSAYKLVCYYTSWSQYREGDGSCFPDALDRFLC,21
MLLWMVLLLCVSMTEAQELFQDPVLSRLNSSETSDLLLKCTTKVDP,16
MAQCVRRLVLAAPLAAVVALLLCTSSAPVARAAGTSDFTGAQQKNTLTVLQAFARAIPALGD,32
MSRDRSSTHRRRSVAARLIGFAAAGLVMAVGAAAVWAQAAGHHCIHDRLQARVLQSVAQQRSVPAAF,37
MRSHTGLRALVAPGYPLLLLCLLAATRPDPAEGDPTDPTFTSLPVREEMMAKYS,24
MSRRVFTSAALHLLVVMWMCCGPCEAAAASTGENSVNARQPQRFDLFVPQKTVL,24
MPAWGALFLLWATAEATKDCPSPCTCRALETMGLWVDCRGHGLTAL,16
MKFPMVAAALLLLCAVRAEEEDKKEDVGTVVGIDLGTTYSCVGVFKNG,18
MYSFNTLRFYLWETIVFFSLAASKEADAARSAPKPMSPSDFLDKLMGRTSGYDARIRP,28
MRNASGPRGPSLATLLFLLLIPEGGCERIIGGDTVVPHSRPYMALLKLSSNTICAG,26
MKFSLAVSFFILMSLLFEDACSKEKSSKKGKGKKKQYLCPSQQSAEDLARVP,22
MGSSQKWVIGLLLFSSIFFELTAITLADDKLEESRWGNDNGCGFGRRGCGGGRFGGR,27
MLVVLLTAALLALSSAQGTDEEVNNAETSDVPADSEQQPVDSGSDPPS,18
MEGVLLFWKYRALFFLVLCSLVLCKVHLSQASPTSQQHNDAASLSKIYPRGSHWAVGHLMG,31
MASKSKGLVVLALLLAAAILVASADEHPQAKKEENEAGVENFFHGGGGHHGHGR,24
MRGSELSLLLLALVLCQAPRGPAAPVSTGAGGGTVLAKMYPRGSHWAVGHLMG,23
MYCTHLMTLQLVVMAMLWVTPVRAGTECRYGCRLNNMTIIVEREDCHGSITITT,24
MLAVRNNILLLLFCLVVLLVFAQSSFLPPCEPVNETVAVEKEGCPKCLVFQTTI,24
MLGLHVGTLISLFLCILLEPIEGSLMQPCQPINQTVSLEKEGCPTCLVIRAPI,23
MNAFLLFALCLLGAWAALAGGVTVQDGNFSFSLESVKKLKDLQEPQEPRVG,21
MDCSSPLSLFHLLLVCTVMVKCCSASDLHYSDALEKSILFFEGQRSGKLPTNQRL,25
MNKSVAPLLLAASILYGGAVAQQTVWGQCGGIGWSGPTNCAPGSACSTLNP,21
MGYHSVFIAVFLWSSMVCHNGLAMMDDGKLTSSSGPPNYDYADALAKAILFFE,23
MYQKLALISAFLATARAQSACTLQAETHPPLTWQKCSSGGTCTQQTG,17
MIVGILTTLATLATLAASVPLEERQACSSVWGQCGGQNWSGPTCCASGSTCVYS,24
MQYKKTLVASALAATTLAAYAPSEPWSTLTPTATYSGGVTDYASLRYC,18
MGPCGALGLGLLLAAVCGAAAPELHTLRYIQTAMTDPGPGQPWFVTVGYVDG,22
MATIGALVLRFFFIAVLMSSQKSWAIKEEHTIIQAEFYLLPDKRGEFMFDFDGDE,25
MPLSRALILGVLALTTMLSPCGGQDDIEADHVGSYGITVYQYHESKGQYTHEF,23
MRPEDRMFHIRAVILRALSLAFLLSLRGAGAIKADHVSTYAAFVQTHRPTGEFMFEFD,28
MNSPAIVIIIFSTLTFSEAWVNDWDGALNFQCQLKDSIKTISSIHSNHH,19
MVWLPRVPCVAAVILLLTVLSPPVALVRDTRPRFLEYVTSECHFYNGTQHVRFLERFIYNR,31
MALQIPSLLLSAAVVVLMVLSSPRTEGGNSERHFVVQFKGECYYTNGTQRIRLVTRY,27
MGSGWVPWVVALLVNLTRLDSSMTQGTDSPEDFVIQAKADCYFTNGTEKVQFVVRF,26
MMVLQVSAAPRTVALTALLMVLLTSVVQGRATPENYLFQGRQECYAFNGTQRFLERYIY,29
MNLASSACLLLLFLLGIAQALPVQNEEGHEEGNKEGHGEEGVEEGDEDDF,20
MRSLGALLLLLSACLAVSAGPVPTPPDNIQVQENFNISRIYGKWYNLAI,19
MAFKSIAVLSACIIVGSALPVDKYPVLKDQPAEVLFRENNPTVLECIIE,19
MARTVVALNILVLLGLCWSLAVANPLPAAHETVAKGENGTKPDSDVIEHCSDA,23
MKHSLNALLIFLIITSAWGGSKGPLDQLEKGGETAQSADPQWEQLNNKN,19
MIKKIILFFAVLIAIVIGQQPLNVVPYPQQVSIGTCVIPVAPGSILIE,18
MTSSRLWFSLLLAAAFAGRATALWPWPQNFQTSDQRYVLYPNNFQFQYDVSS,22
MGRWAWVPSPWPPPGLGPFLLLLLLLLLLPRGFQPQPGGNRTESPEPNATATPAIPTILV,30
MWVTKLLPALLLQHVLLHLLLLPIAIPYAEGQRKRRNTIHEFKKSAKTTLIKIDPALKIKT,31
MKFFVFALILALMLSMTGADSHAKRHHGYKRKFHEKHHSHRGYRSNYLY,19
MVLRYNSPRLNILELVLLYVGFFSIGFLNLLQKRKATSDPYRRKNRFGKEPIGIISW,27
MKILIILTILAMATTFATSEMQVNPSVQVQPTQQQPYPESQQPFISQSQ,19
MRALGAVVTLLLWGQLFAVELGNDATDIEDDSCPKPPEIANGYVEHLV,18
MKALIAALLLITLQYSCAVSPTDCSAVEPEAEKALDLINKRRRDGYLF,18
MFTSLKKVATFSFLVWISQYSGSNSCSSSLVKHIPQTGSNLTFDRVLVEDTVH,23
MVSFSKNKILSAAVFASVLLLDNNNSEFNNNLFSKNAKGLNSNKRLLHESQ,21
MQIFLVLALCGLAAAVPSEDRKLSDKATTLADRSTTLAFNLYHAM,15
MRSLLLGTLCLLAVALAAEVKKPVEAAAPGTAEKLSSKATTLAERST,17
MRSAISLSLLLVFLSRVQSDIVLTQPEADTGKPEGSLRLTCKTSGFSLG,19
MDWTWRILFLVAAATGAHSQVQLVQSGAEVKKPGASVKVSCKASGYTFT,19
MKMWLNWVFLLTLLHGIQCEVKVVESGGGLVQPGGSLRLSCATSGFTFS,19
METGLRWLLLVAVLKGVQCQSVKESEGGLFKPMDTLTLTCTVSGFSLSS,19
MAVLGLLFCLVTFPSCVLSQVQLKQSGPGLVQPSQSLSITCTVSGFSLT,19
MCPARSLLLVATLVLLDHLSLARNLPVATPDPGMFPCLHHSQNLLRAVSNML,22
MCHQQLVISWFSLVFLASPLVAIWELKKDVYVVELDWYPDAPGEMVVLTCDT,22
MQIITTALVCLLLAGMWPEDVDSKSMQVPFSRCCFSFAEQEIPLRAILCYRNT,23
MASKSNCVLLLAAVLVSIFAAVAAIGNEDCTPWMSTLITPLPSCRDYVEQQACR,24
MAFKYQLLLSAAVMLAILVATATSFGDSCAPGDALPHNPLRACRTYVVSQICHQ,24
MGAMWMKSMLLVLLLCMLMVTPMTGARSDNSGPWMWCDPEMGHKVSPLTRCRALVKLECV,30
MGSRRAGSSSSPLFWPAPPSRAADPPPVHDTDGHELRADANYYVLSANRAHG,22
MALAVLRLALLLLAVTFAGPLFRRFSKYKTPFCARYQLPGCPRDFNPVCGT,21
MMKCLFLLCLCLLPIVVFSSTFTSQNLIDLPSESPLPKPVLDTNGKELNPDSSYRIISIGRG,32
MPEFLTVVSWPFLILLSFQVRVVAGAPQPWHCAPCTAERLELCPPVPASCPEISR,25
MLPRLGGPALPLLLPSLLLLLLLGAGGCGPGVRAEVLFRCPPCTPERLAACGPPPDAPCAELVR,34
MQRARPTLWAAALTLLVLLRGPPVARAGASSGGLGPVVRCEPCDARALAQCAPPPAV,27
MLPFGLVAALLLAAGPRPSLGDEAIHCPPCSEEKLARCRPPVGCEELVREP,21
MTWDGLPTQPLLMLLMLLFAAGSESALAGCPGCGPGVQEEDAGSPADGCAETGGC,25
MASRLTLLTLLLLLLAGDRASSNPNATSSSSQDPESLQDRGEGKVATTVISK,22
MAPSSPRPALPALLVLLGALFPGPGNAQTSVSPSKVILPRGGSVLVTCSTSCDQP,25
MSSFGYRTLTVALFTLICCPGSDEKVFEVHVRPKKLAVEPKGSLEVNCSTT,21
MEAKFAHIILFFLLAFSFETLMARKESDGPEVIKLLKEFESDSRCKGKQFWPE,23
MQRFLVFTIVAVATAAAGDIFYPGYCPDVKPVDDFDLSAFAGAWHEI,17
MRPPGPRAPGLALLAALLAAPRALAEAPHLVLVDAARALRPLRPFWRSTGFCPPL,25
MEANKSMVKLVAFLIILVSSCFQSLTAQDLEIEVSDGLNVLQVHDVSQSFCPGVTKE,27
MKSGSGGGSPTSLWGLLFLSAALSLWPTSGEICGPGIDIRNDYQQLKRLENCTVIEGYLH,30
MGITAGKSMLALLAFLAFASCCYAAYRPSETLCGGELVDTLQFVCGDRGFYFSR,24
MKTHLLLWGVLAIFVKVVLVTGDDEATILADNKCMCTRVTSKIIPSTEDPN,21
MWPQLLLLLLAPRSGHGCQGPELDRELVLAKVRALFLDALGPPAVTG,17
MPLLWLRGFLLASCWIIVRSSPTPGSEGHSAAPDCPSCALAALPKDVPNSQPEMVEAV,28
MNCVCRLVLVVLSLWPDTAVAPGPPPGSPRASPDPRAELDSTVLLTRSLLE,21
MENMKVLLGLICLMVPLLSLEIDVCTEYPNQIVLFLSVNEIDIRKCPLT,19
MEICRGLRSHLITLLLFLFHSETICRPSGRKSSKMQAFRIWDVNQKTFYLRNNQL,25
MDSYLLMWGLLTFIMVPGCQAELCDDDPPEIPHATFKAMAYKEGTMLNCEC,21
MATIALPWSLSLYVFLLLLATPWASAAVKNCSHLECFYNSRANVSCMWSHEEALNV,26
MYSMQLASCVTLTLVLLVNSAPTSSSTSSSTAEAQQQQQQQQQQQQHLEQ,20
MYKIQPLSCIALTLALVANGAPTSSSTGNTMKEVKSLLLDLQLLLEKVKN,20
MSRLPVLLLLQLLVRPGLQAPMTQTTPLKTSWVNCSNMIDEIITHLKQP,19
MVLASSTTSIHTMLLLLLMLFHLGLQASISGRDTHRLTRTLNCSSIVKEIIGKLPE,26
MGRLCTKFLTSVGCLILLLVTGSGSIKVLGEPTCFSDYIRTSTCEWFLDSAVDCS,25
MGLNPQLVVILLFFLECTRSHIHGCDKNHLREIIGILNEVTGEGTPCTEM,20
MVPVLLILVGALATLQADLLNHKKFLLLPPVNFTIKATGLAQVLLHW,17
MRRMLLHLSVLTLSCVWATAMEIPMSTVVKETLTQLSAHRALLTSNETMR,20
MLAVGCTLLVALLAAPAVALVLGSCRALEVANGTVTSLPGATVTLICPG,19
MNSFSTSAFGPVAFSLGLLLVLPAAFPAPVPPGEDSKDVAAPHRQPLTSSERIDKQIRY,29
MKFLSARDFHPVAFLGLMLVTTTAFPTSQVRRGDFTEDTTPNRPVYTTSQVGGL,24
MMALGRAFAIVFCLIQAVSGESGNAQDGDLEDADADDHSFWCHSQLEVDG,20
MFHVSFRYIFGIPPLILVLLPVTSSECHIKDKEGKAYESVLMISIDELDKMTGTD,25
MNSKLAVALLATFLLSLTLCEAAVLTRIGTELRCQCIKTHSTPFHPKFIKEL,22
MLVTYILASVLLFSSVLGQRCSTTWGIRDTNYLIENLKDDPPSKCSCS,18
MNLSSVYVLASLAVVCLLVKETQAEYLCGSTLADVLSFVCGNRGYNSQPRRS,22
MAPAWSFLLSLLLLSCNAICSLGCHLPHTHSLANRRVLMLLQQLRRVSPSSCL,23
MTNKCLLQIALLLCFSTTALSMSYNLLGFLQRSSNFQCQKLLWQLNGRLEY,21
MGPQAAAGRMILLVVLMLSAKVGSGALTSTEDPEPPSVPVPTNVLIKSYNLN,22
MSYTTYFLAFQLCVTLCFSGSYCQAPFFKEITILKDYFNASTSDVPNGGP,20
MSATRRVLVLQLCLMALSGCYCQGTLIESLESLKNYFNSSSMDAMEGKS,19
MNQTAILICCLIFLTLSGIQGVPLSRTVRCTCISISNQPVNPRSLEKLEII,21
MDSRHTFAPAAMTLSPLLLFLPPLLLLLDVPTAAVQASPLQALDFFGNGPPVNYKTGNLYLRGPLKK,37
MAFSVSSLMALVVISSSPVSSMSCDLPASLDLRKQETLRVLHQMETISPPSCL,23
MALLPSLLTALVVYELWPCGALGCDLPQNHILVSRKNFVLLGQMSRISSAICL,23
MGSGRGCETTAVPLLMAVAVAGGTAGHLYPGEVCPGMDIRNNLTRLHELENCSVIE,26
MAVWIQAGALLFLLAVSSVNANAGAPQHLCGSHLVDALYLVCGPTGFFYNP,21
MALSPFLAAVIPLVLLLSRAPPSADTRTTGHLCGKDLVNALYIACGVRGFFYDPTK,26
MAPWMHLLTVLALLALWGPNSVQAYSSQHLCGSNLVEALYMTCGRSGFYRPHDR,24
MLLQAFIFLLAGFAAKISALMTNETSDRPLVHFTPNKGWMNDPNGLWYD,19
MVQVLSVLVIPLLTLFFGYVASSSIDLSVDTSEYNRPLIHFTPEKGWMNDPN,22
MRTARQFVQVALALCCFADIAFGIEVNCSLYASGIGKDGTSWVACPRNLKPVC,23
MAMAGVFVLFSFVLCGFLPDAAFGAEVDCSRFPNATDKEGKDVLVCNKDLRPIC,24
MAKIIISLILLLSLFSFSYGAYNCNKLNCSSKNTKCRTFSCTSVVGCYYT,20
MAASNALLLISGALLISLAVLCQGDPVVDSDGDAVQLNLGGRYPLYTIESAAIG,24
MQLFLLLCLVLLSPQGASLHRHHPREMKKRVEDLHVGATVAPSSRRDFT,19
MKVTGIFLLSALALLSLSGNTGADSLGREAKCYNELNGCTKIYDPVCGTDGNT,23
MMREWVLLMSVLLCGLAGPTHLFQPSLVLDMAKVLLDNYCFPENLLG,17
MARPKLWPWGILLLVSLLSAGFNLDTMNVCPSLDIRSEVAELRRLENCSVVEGHLQ,26
MVPRRPASLEVTVACIWLLTVILGFCVSFNVDVKNSMSFSGPVEDMFGYTVQQYENEE,28
MGPERTGAAPLPLLLVLALSQGILNCCLAYNVGLPEAKIFSGPSSEQFGYAVQQFINPK,29
MFPTESAWLGKRGANPGPEAAVRETVMLLLCLGVPTGRPYNVDTESALLYQGPHNTLFGYSVVLHSHGA,39
MAAAGQLCLLYLSAGLLSRLGAAFNLDTREDNVIRKYGDPGSLFGFSLAMHWQ,23
MARALCPLQALWLLEWVLLLLGPCAAPPAWALNLDPVQLTFYAGPNGSQFGFSLDFHKDSH,31
MSFRIAGPRLLLLGLQLFAKAWSYNLDTRPTQSFLAQAGRHFGYQVLQIEDGV,23
MAFPPRRRLRLGPRGLPLLLSGLLLPLCRAFNLDVDSPAEYSGPEGSYFGFAVDFFVPSA,30
MTRTRAALLLFTALATSLGFNLDTEELTAFRVDSAGFGDSVVQYANSWV,19
MNLQLVSWIGLISLICSVFGQTDKNRCLKANAKSCGECIQAGPNCGWCTN,20
MLGPHSLLLALAGLFFLGSAVSQECTKYKVSSCRDCIQSGPGCSWCQKLNFT,22
MAGPRPSPWARLLLAALISVSLSGTLANRCKKAPVKSCTECVRVDKDCAYCTDEMFR,27
MVDSSTVLIFLLVLGGGQSELDTKITSSGEAAEWEDPDLSLQGSCQPVP,19
MKSTIFFLFLFCAFTTSYLPSAIADFVLDNEGNPLENGGTYYILSDITAFGGIR,24
MAVHKEVNFVAYLLIVLGMFLYVDAKACTRECGNLGFGICPRSEGSPLNPICINC,25
MARLVLCALALLVAGGLADPVRNNVPQKPADPVFAKRQMDLMTLFFHV,18
MILFKQVGYFVSLFATVSCGCLSQLYANTFFRGGDLAAIYTPDAQHCQK,19
MFYNRWLGTWLAMSALIRISVSLPSSEEYKVAYELLPGLSEVPDPSNIPQMH,22
MGPGVLLLLLVATAWHGQGIPVIEPSVPELVVKPGATVTLRCVGNGSVEWDGP,23
MVSWGRFICLVLVTMATLSLARPSFSLVEDTTLEPEEPPYWTNTEKMEKRL,21
MDCQLSILLLLSCSVLDSFGELIPQPSNEVNLLDSKTIQGELGWISYPSH,20
MRGARGAWDLLCVLLVLLRGQTATSQPSASPGEPSPPSIHPAQSELIVEAGD,22
MRFLILFLTLSLGGIDAAPPVQSRILGGFKCEKNSQPWQVAVYYLDE,17
MKAPTVLAPGILVLLLSLVQRSHGECKEALVKSEMNVNMKYQLPNFTAETPIQN,24
MKLITILLLCSRLLPSLAQEEDAQEMDCNDESLFQAVDTALKKYNAGL,18
MPRPLAALLSTACILSFFIALFPRAASSRDILPLGSSLVVESYESSTLQSSDGTFSSG,28
MAKATSGAAGLGLKLILLLPLLGEAPLGLYFSRDAYWERLYVDQPAGTPLLYVHALRD,28
MRLPAQLLGLLMLWVPGSSGDVVMTQSPLSLPVTLGQPASISCRSSQSLV,20
MHHTSMGIKMESQIQVFVFVFLWLSGVDGDIVMTQFAGVDGDIVMTQSHKFMSTSVGDR,29
MSVLTQVLALLLLWLTGARCDIQMTQSPASLSASVGETVTITCRASGNIH,20
MHTFLRSTALVVAGLSARALASIGPVTDFHIVNAAVSPDGFSRQAVLAEGV,21
MWEAQFLGLLFLQPLWVAPVKPLQPGAEVPVVWAQEGAPAQLPCSPTIPLQDLSLLRR,28
MRVLFLTISLSLFSIIHADDFAFSEFKPSEGTYYVQVIAVDKEFPEDE,18
MAATMQALLVIALLHLATATPVVTKHKVSTFSTGFLGHPVGGLGYGGLG,19
MGLQMTAARPIAALSLLVLSLLTWTHPTIVDAAHPPEIIRKPQNQGVRVGGVASFYCAARGD,32
MISVGEIMERANHSLVRMRREGEDLTLEEKAEICSELELQQKYVDIASNI,20
MGTWARALLGSTLLSLLLAAAPGALGTNPGLITRITDKGLEYAAREGLLALQRKLL,26
MGLPGSPWQWVLLLLGLLLPPATSFWLLNVLFPPHTTPKAELSNHTRPVILVPG,24
MMSFFPLLLVGILFPAVQAKQLTKCALSHELNDLAGYRDITLPEWLCII,19
MDLLAKASVLLLLLLSLSNAQTDNMEEAENGSSKEEIDESELEDVSSIIF,20
MGPWGWKLRWTVALLLAAAGTAVGDRCERNEFQCQDGKCISYKWVCDGSAE,21
MVWCLADLRAYVLVLLVISGLYQGSDQLIPEKCGEDCTPGWDCHFNSYYK,20
MSLTMKNVEGFVIFLVIFTSTAAVPQLQKALDGREYLIETELKYNWHQAWHEC,23
MLLYNSKSYVLQLIFITLLLTQLNKVKSTSSTLTGFTFPNFWSNTQENGTEIIFLGNA,28
MASLQTQMISFYAIFLSILLTTILFFKVNSTETTSFLITKFSPDQQNLIFQGDGYTTKEK,30
MATSKLKTQNVVVSLSLTLTLVLVLLTSKANSAETVSFSWNKFVPKQPNMILQGDAIVTSSG,32
MAYTSLLSFSVCLLVLFHGCCAQIDLVTNHHQDPPWGQPQQPQPRHQSQCQL,22
MVFPWRCEGTYWGSRNILKLWVWTLLCCDFLIHHGTHCWTYHYSEKPMNWENARKFCK,28
MVASWLLSTLTFALVLLIKETSTWTYHFSAENMTYDEASAYCQQNYTHLVAIQ,23
MAGCPKGSWTPRLRSVILGGAQLIWFSALISELVNQKEVAAWTYNYSTKAYSWNNSRVFCRRHFTD,36
MATLLLLLGVLVVSPDALGSTTAVQTPTSGEPLVSTSEPLSSKMYTTSI,19
MALHLLLLFGACWVQVASPDSLQRTTMLPSTPHITAPSTSEAQNASPSV,19
MVAGSDAGRALGVLSVVCLLHCFGFISCFSQQIYGVVYGNVTFHVPSNVPLKEVLWKK,28
MKVLAAGIVPLLLILHWKHGAGSPLPITPVNATCAIRHPCHGNLMNQIKSQL,22
MAFKQLFAAISLALLLSAANAAAVIEKRATCSNGKTVGDASCCAWFDVLDDIQQNLFH,28
MAFKSLLSFVSVIGALQGANAALTRRVACPDGVNTATNAACCQLFAVREDLQQNLF,26
MVSKTFFLAAALNVVGTLAQAPTAVLNGNEVISGVLEGKVDTFKGIPFA,19
MKLALVLSLIVSVAAAPTATLANGDTITGLNAIINEAFLGIPFAQ,15
MWLLLITSVISTFGGAHGLFGKLGPGNPEANMNISQMITYWGYPCQEY,18
MGNHLQISVSLVLCIFIQSSACGQGVGTEPFGRNLGATEERKPLQKPEIRFL,22
MERGRGMGKTALLAVLCLCLRGAAGSDPEAEMNFEGIESKFSLRTPAEPDEDVCY,25
MESKALLLVVLGVWLQSLTAFRGGVAAADAGRDFSDIESKFALRTPEDTAEDTCHLI,27
MKGLVLSFALVALSALCVYGDVPIQPDFQEDKILGKWYGIGLASNSNWFQ,20
MLPLWTLSLLLGAVAGKEVCYERLGCFSDDSPWSGITERPLHILPW,16
MVLKQRANYLGFLIVFFTAFLVEAVPIKRQSNSTVDSLPPLIPSRTSAPSSSPS,24
MLELRLIVVIVLALALLSWQWDPVDSQRPPQHGRRDRPKYPPNKFIKTHPCERSS,25
MGLLQVFAFGVLALWGTRVCAQEPEFSYGCAEGSCYPATGDLLIGRAQKLS,21
MTGGGRAALALQPRGRLWPLLAVLAAVAGCVRAAMDECADEGGRPQRCMPEFVNAAFNVTVVA,33
MEWASGKPGRGRQGQPVPWELRLGLLLSVLAATLAQVPSLDVPGCSRGSCYPATGDLLVGRADRL,35
MGGAARAVLLGFLQASSSFDVRDSTGKVCIIANLTVAFSVEYKSSGQK,18
MAAPGARRPLLLLLLAGLAHSAPALFEVKDNNGTACIMASFSASFLTTYDA,21
MCLSPVKGAKLILIFLFLGAVQSNALIVNLTDSKGTCLYAEWEMNFTITYETTNQ,25
MASSSSVLLVVALFAVFLGSAHGIAKVPPGPNITAEYGDKWLDAKSTWYGKPT,23
MRLTLFAFVLAVCALASNATLAPRTDDVLAEQLYMSVVIGEYETAIAKC,19
MKLLVVFAMCVPAASAGVVELSADSMSPSNQDLEDKLYNSILTGDY,16
MKPAIVILCLFVASLYAADSDVPNDILEEQLYNSVVVADYDSAVEKS,17
MELPWTRLFLSTVLLGLSCQGSDWESDRNFISAAGPLTNDLVLNLNYPP,19
MERLQGLLLWLLLSPSVVWASRGPLRPLCRPVNATLAAENEFCPVCITFT,20
MGRRVPALRQLLVLAVLLLKPSQLQSRELSGSRCPEPCDCAPDGALRCPGPRAGLA,26
MTCSPLLLTLLIHCTGSWAQSVLTQPPSVSAAPGQKVTISCSGSSSNIG,19
MAWTSLILSLLALCSGASSQAVVTQESALTTSPGGTVILTCRSSTGAVT,19
MDSTHATKSCLLILLVALLCAGRAQGLQCYECYGVPIETSCPAVTCRASDGFCIAQ,26
MSQQQIFSPILWIPLLFLLMGLGASGKETPPTVISGMLGGSVTFSLNISKDAEIEH,26
MTKYVILLAVLAFALHCDAKRFTRCGLVQELRRLGFDETLMSNWVCLVE,19
MRSLLILVLCFLPLAAPGKVYGRCELAAAMKRMGLDNYRGYSLGNWV,17
MRPLLLLALLGWLLLAEAKGDAKPEDNLLVLTVATKETEGFRRFKRSA,18
MLLLPLLVLLCVVSVSSSGSQTCEETLKTCSVIACGRDGRDGPKGEK,17
MSLFTSFLLLCVLTAVYAETLTEGAQSSCPVIACSSPGLNGFPGKDGH,18
MIFLTALPLFWIMISASRGGHWGAWMPSSISAFEGTCVSIPCRFDFPDE,19
MKQILLISLVVVLAVFAFNVAEGCDATCQFRKAIDDCQKQAHHSNVLQTSVQT,23
MKVSAALLCLLLIAATFIPQGLAQPDAINAPVTCCYNFTNRKISVQRLASYRR,23
MAQKFTILFTILLVVIAAQDVMAQDATLTKLFQQYDPVCHKPCSTQDDCSGGTFCQACWRFA,32
MEPPGRRECPFPSWRFPGLLLAAMVLLLYSFSDACEEPPTFEAMELIGKPKPYYEIGERVDYKC,34
MRLSFFTALSAVASLGYALPGKLQSRDVSTSELDQFEFWVQYAAASYYEADYTAQV,26
MLIIWWFWSLLAICASDSFRNQAENIMRTTPVIDGHNDLPWQMLTL,16
MKFLVNVALVFMVVYISYIYAAPEPEPAPEPEAEADAEADPEAGIGAVLKV,21
MARRLGRSSSFAIMLWIQPACLLSLIFSAHIAAVSIKHLLNGSDHDTDVGEQKDIFEINLAAG,33
MKLFTTLSASLIFIHSLGSTRAAPVTGDESSVEIPEESLIGFLDLAGDDISV,22
MQVSRVLAALCGMLLCASGLFAASGDFCDSSLCLNGGTCLTGQDNDIYCLCP,22
MSRLSRSLLWAATCLGVLCVLSADKNTTQHPNVTTLAPISNVTSAPVTSLPLV,23
MCCLTPVLALALVLGAPWQALHGAPLAELSGDHDFQLFLHKNLEFTRKIRGDV,23
MKSLLPLAILAALAVATLCYESHESMESYEISPFINRRNANTFMSPQQR,19
MKLCVTVLSLLMLVAAFCSPALSAPMGSDPPTACCFSYTARKLPRNFVVDYYE,23
MARATLSAAPSNPRLLRVALLLLLLVAASRRAAGAPLATELRCQCLQTLQGIHLKNIQSVKVKS,34
MKSAVLFLLGIIFLEQCGVRGTLVIRNARCSCISTSRGTIHYKSLKDLKQF,21
MQHRGFLLLTLLALLALTSAVAKKKDKVKKGGPGSECAEWAWGPCTPSSK,20
MRHSVLSISFAVALFLECYTPSTAIPIGKMDDVALEQDTLDSLLRVEVSENSPD,24
MAKMSLSSYMLMLAFSLFSHGILLSASKSIRNVEDDIVFNTFRMGKAFQKE,21
MVSRKAVAALLLVHVTAMLASQTEAFVPIFTYSELQRMQERERNRGHKKSLSVQQ,25
MAGVRLVFTKAFMVTVLLTLLLNIGVKPAEGQFSACSFSSRPHPRGICGSDLADLRAFICS,31
MFPFSGCWRTELLLLLLLAVAVRESWQIEEKSCDLVGEKDKESKNEVALLE,21
MGAAAGRSPHLGPAPARRPQRSLLLLQLLLLVAAPGSTQAQAAPFPELCSYTWEAVDTKNNVLYKINICG,40
MKIIFFLCSFLFFIINTQCVTHESYQELVKKLEALEDAVLTGYGLFHKE,19
MTPGIRAPFFLLLLLASLKGFLALPSEENSVTSSQDTSSSLASTTTPVHS,20
MKLLLPLLLLLCLELTLVCIHAEESSSMERNFNVEQISGYWFSIAEASYERE,22
MAPGAPSSSPSPILAALLFSSLVLSPTLAIVVYTDREVYGAVGSQVTLHCSFWSSEWVS,29
MKLLHGLALVFLLAAASCKADEEITCEENEPFTCSNTDILSSKNFGKDFI,20
MKILYLLFAFLFLAFLSEPGNAYKRCHIKGGHCFPKGKICIPPSSDFGKMDC,22
MSPVAIIACVCLAVTLTSISPSEAIVPTRELENVFLGRCKDYEITRYLDILPRV,24
MLLKTVLLLGHVAQVLMLDNGLLQTPPMGWLAWERFRCNINCDEDPK,17
MLRTKDLIWTLFFLGTAVSLQVDIVPSQGEISVGESKFFLCQVAGDAKD,19
MAWQGLLLAACLLVLPSTMADCLSGCSLCAVKTQDGPKPINPLICSLECQ,20
MKGGCVSQWKAAAGLLFCVTVFASAERPVFTNHFLVELHKGGEEEARQVAAEHGF,25
MLAMMLNTTLSACFLSLLALTSACYFQNCPRGGKRATSDMELRQCLPCGPGGK,23
MARRAGGARMFGSLLLFALLAAGVAPLSWDLPEPRSRASKIRVHSRGNLWATGH,24
MMAGMKIQLVCMILLAFSSWSLCSDSEEEMKALEADLLTNMHTSKISKASVSS,23
MALPMVGLLLLLLLGGPGAAITIPPEYGAHDFLQPPELTEEPPEQLVVFP,20
MRRAGAACSAMDRLRLLLLLILGVSSGGAKETCSTGLYTHSGECCKACNLGEGVAQPCG,29
MLDASGCSWAMWTWALLQLLLLVGPGGCLNRQELFPFGPGQGDLELEAGDDVVSPSLE,28
MKNVVFSVLLLLSFLFCLANTNEAAVPCSTVDMKAAACVGFATGKDSKPSQACC,24
MARTQQLAVVATAVVALVLLAAATSEAAISCGQVASAIAPCISYARGQGSGPSAGCC,27
MASSAVIKLACAVLLCIVVAAPYAEAGITCGMVSSKLAPCIGYLKGGPLGGGCCGG,26
MSTMRLLTLALLFSCSVARAACDPKIVNIGAVLSTRKHEQMFREAVNQ,18
MVYSNTYMLLGLGVFVLLSSHVLAYNMRADPSIHDSTLDDQKSNDFVKTASIAE,24
MTSVLHYSLLLLLLGVVILTTPVLANLKPRFFYEPPPIEKPPTYEPPPFYKPPYY,25
MMKEKSISASKASLVFFLCQMISALDVPLDSKLLEELSQPPTITQQSPKDYIVD,24
MWRQSTILAALLVALLCAGSAESKGNRPPRITKQPAPGELLFKVAQQNKESDN,23
MGQDTRSLVLVVLVGLVGAVSADVQVMKDVTLGFGQALEQCREESQLTEEKM,22
MVNRLILMVVVVFITDSVMGTAEVMSHVTAHFGKALEECREESGLPVEVM,20
MVKFLLIVLALGVSCAHHENLDISPSEVNGDWRTLYIVADNVEKV,15
MKTLQSTLLLFLFVPLIKPAPPSQQDSRIIYDYGTDNLEETFFSQDYED,19
MIRIIAIVVLFFLQCQADLPPVMKGLEENKVTGVWYGIAAASN,13
MSHLTTFLVFFLLAFVTYTYASGVFEVHNNCPYTVWAAATPVGGGRRLERG,21
MKLLILTICALHVNQMMALKDCVVVNGKNYGKEVLKDNIHQAYQLSFD,18
MEYQILKMSLCLFILLFLTPGILCICPLQCICTERHRHVDCSGRNLSTLPSGLQ,24
MGVLLTQRTLLSLVLALLFPSMASMAAIGSCSKEYRVLLGQLQKQTDLMQDTSRL,25
MGVCGSLFQPWKCLVVVSLRLLFLVPTGVPVRSGDATFPKAMDNVTVRQGESATLRC,27
MQSIKRTLLLLGAILPAVLGAPVQETRRAAEKLPGKYIVTFKPGIDEAKIQ,21
MNMSYLFFFFFIQLVLKYINSKVTENTICKDGFLIQMSNHFECNCN,16
MRTPMLLALLALATLCLAGRADAKPGDAESGKGAAFVSKQEGSEVVKRLRRYL,23
MQFFKTLAALVSCISFVLAYVAQDVHVSFPSTAGKSRVMIGKVEPRIGI,19
MRIAVICFCLLGIASALPVKPTSSGSSEEKQLNNKYPDAVAIWLKP,16
MKLAFLCLCFISIAAAWPVSKSRQHAISASSEEKYDPRSHHTHRYH,16
MGSPVFRRPFCHLSTYSLLWAIAAVALSTAQVEVVTQDERKLLHTTASLRCSLKTTQEPL,30
MAGVWKVLVVLVGLAVVACAIPHRRLRYEEVVAQALQFYNEGQQGQPLFR,20
MIWYILIIGILLPQSLAHPGFFTSIGQMTDLIHTEKDLVTSLKDYIK,17
MRALWIVAVLLVGVEGSLVEFETLMMKIAGRSGISYYSSYGCYCGA,16
MRILWIVAVCLIGVEGSVIEFGKMIQEETDKNPLTSYSFYGCHCGL,16
MKTLLLLAVIMIFGLLQAHGNLVNFHRMIKLTTGKEAALSYGFYGCHCGV,20
MRLLVLAALLTVGAGQAGLNSRALWQFNGMIKCKIPSSEPLLDFN,15
MYPAHLLLLLAVCVSLLGASAIPPLPLNLAQFALVIKCADKGKRPRWHYMDYGCYCG,27
MTMCSGARLALLVYGILMHSSVYGSPAASGLRFPGIRPENEAYDEDGNPQQDFY,24
MAVAYCCLSLFLVSTWVALLLQPLQGTWGAPLEPMYPGDYATPEQMAQYETQLRRYINT,29
MQMSPALTCLVLGLALVFGEGSAVHHPPSYVAHLASDFGVRVFQQVAQASKDR,23
MLHRLAFPVMSWMLLSCLMLLSQVQGEDSPKKIPSARISCPKGSQAYGSYCYALFQ,26
MAPRSLYLLAVLLFSANLFAGVGFAAAAEGPEDKGLTKGGKGKGEKGTKVGADDTNG,27
MATTKSFLILFFMILATTSSTCAKLEEMVTVLSIDGGGIKGIIPAIILEFLEG,23
MRVILLLLTLDVLGVSSMMTDKNLKKKIEGNWRTVYLAASSVEKINE,17
MGTLSAPPCTQRIKWKGLLLTASLLNFWNLPTTAQVTIEAEPTKVSEGKDVLLLVHNLPQNLTG,34
MNKTTTKMKVAVVAIVVYLAVGNVDSSPDVMKNLCLNFGKALDECKAEMNLSDSIK,26
MNRCWALFLSLCCYLRLVSAEGDPIPEELYEMLSDHSIRSFDDLQRLLHG,20
MLSRALLCLALAWAARVGADALEEEDNVLVLKKSNFAEALAAHNYLLVE,19
MQPRWAQGATMWLGVLLTLLLCSSLEGQENSFTINSVDMKSLPDWTVQNGKNLTLQC,27
MAQFLRLCIWLLALGSCLLATVQADCSQDCAKCSYRLVRPGDINFLACTLECEG,24
MKWLLLLGLVALSECIIYKVPLVRKKSLRRNLSEHGLLKDFLKKH,15
MKWMVVVLVCLQLLEAAVVKVPLKKFKSIRETMKEKGLLGEFLRTH,16
MHFSSSSTLFTCITLIPLVCLILHASLSDAQLTPTFYDNSCPNVSNIVRDTIVNELRSDP,30
MGFSPSFSCSAIGALILGCLLLQASNSNAQLRPDFYFGTCPFVFDIIGN,19
MATCLFLLGLFLLLPRPVPAPCYTATRSECKQKHKFVPGVWMAGEGMDVT,20
MKLLLALAGLLAPLAMLQTSNGATPALLGEVENSVVLSCMEEAKQ,15
MNTPTQSFRAKAAIFSLLLLSCMQCHAQLSATFYDNTCPNALNTIRTSVRQAISSER,27
MSFLRFVGAILFLVAIFGASNAQLSATFYDTTCPNVTSIVRGVMDQRQRTDA,22
MKLSLLSTFAAVIIGALALPQGPGGGGSVTCPGGQSTSNSQCCVWFDVLD,20
MSLRLDTTPSCNSARPLHALQVLLLLSLLLTALASSTKGQTKRNLAKGKEESLDSDLYAELRCM,34
MKAIVFVLIFAVAFAVTATHQGEILCNLCTGLINTLENLLTTKGADKVKDY,21
MTTLLLVFVTLRVIAAVISEEVPDHDNSLSVSIPQPSPLKALLGTSLTIPCYFIDPMHPVTTAPSTAPLTPRIKWSRVSKEKEVVLLVA,59
MGLPGVIPALVLRGQLLLSVLWLLGPQTSRGLVITPPGPEFVLNISSTFVLTCSGSAPVMW,31
MGTSQAFLVLSCLLTGPSLIVCQLLLPSILPNENEKIVPLSSSFSLRCFGESE,23
MLLSPGHPLSAPALALILTLALLVRSTAPASFFGENHLEVPVPSALTRVDLLLQFSTSQ,29
MSRQSISLRFPLLLLLLSPSPVFSADPGAPAPVNPCCYYPCQHQGICVRFGLDR,24
MLFRAVLLCAALGLSQAANPCCSNPCQNRGECMSTGFDQYKCDCTRT,17
MTQFNIPVTMSSSLSIILVILVSLRTALSELCNPQDKQALLQIKKDLGNPTTLSSWLPT,29
MACTDNAMRALFLLVLFCIVHGEKEESKGIDAKASGPGGSFDITKLGASGNG,22
MKTLALFLVLVCVLGLVQSWEWPWNRKPTKFPIPSPNPRDKWCRLNLGP,19
MRLVLLFVLLLPVCLATRFHQKGLFDFMIEDEGSADMAPTDDPVIS,16
MQVPVGSRLVLALAFVLVWGSSVQGYPARRARYQWVRCKPNGFFANCIEEKGPQF,25
MGAFTFKHSFFGSFVECSGVLQTVFIFLLIPCCLADKRAPPLIPNVPLLWVWNAPTEFCIGGTNQ,35
MASSKFFTVLFLVLLTHANSSNDIYFNFQRFNETNLILQRDASVSSSGQL,20
MSAFRFWSGLLMLLGFLCPRSSPCGISTHIEIGHRALEFLHLQDGSINYKELL,23
MGVSAVLLPLYLLSGVTSGLAVPASRNQSSCDTVDQGYQCFSETSHLWGQYAP,23
MPRTSLLTLACALATGASAFSYGAAIPQSTQEKQFSQEFRDGYSILKHY,19
MALFLLTCLLAVFSAATAQSSLLGPSSIFGPGEVNVLEGDSVSITCYY,18
MRLSLFALLVTVFSGVSTQSPIFGPQDVSSIEGNSVSITCYYPDTSVN,18
MAPASSHRGHQWICDLVRGSCLLLLLVVSNLLLCQGVEDYAPYCKNQPGNCRIPLQSLFERATLVA,36
MQLPLTPLSFSGTLLLMAMSNFLLWEHVTSSASPRLSTRNLYQRVVELSHCTHDLASKVF,30
MSAAAVFRGLRPSPELLLLGLLLLPAVVAVTRASPEESDGDLSCVCVKTSSSRIHLKRI,29
MDHKEVILLFLLLLKPGQGDSLDGYISTQGASLFSLTKKQLAAGGVSDC,19
MKENVASMIVFLLLLFLNIRLLKGQSPPGKPFIFKCRSPEKETFTCWWRPGADG,24
MRSFFLLCALVAVCNAVYTGVAYYDINAGCTGVAYRTSYTQTAS,14
MKYAAALTAIAALAARAAAVGVSGTPVGFASSATGGGDATPVYPTTTDE,19
MVKSILASVLFAATALAASRMTAPSGAIVVAKSGGDYDTISAAVDAL,17
MRACISLVLAVLCGLAWAEDHKESEPLPQLEEETEEALASNLYSAPTS,18
MLCLLLTLGVALVCGVPAMDIPQTKQDLELPKLAGTWHSMAMATNNIS,18
MFLQNLFLGFLAVVCANAQFAEFTAFDGKFDFKEHLTSRSPYHKPYFY,18
MKLSGISLWLLAASIVHAGKSQFEAFENEFYFKDHLGTISVYHEPYFN,18
MDTWMVLLGLQILLLPLLAHCTAPASTLRFVAVGDWGGVPNAPFHTAREMAN,22
MFKSVVYSILAASLANAGTIPLGKLADVDKIGTQKYIFPFLGGAGPY,17
MAGRQSGWSQAALLQFLLGMCLMVMPPIQARSLRFVTLLYRHGDRSPVKAYPKDPYQEEK,30
MRAVPLHLVGTASLTLGFLLLLSLRLDPGQAKELKFVTLVFRHGDRGPIETFPNDPIKESS,31
MQGDWVLLLLLGLRIHLSFGVIPVEEENPVFWNQKAKEALDVAKKLQPIQ,20
MISPFLVLAIGTCLTNSFVPEKERDPSYWRQQAQETLKNALKLQKLN,17
MVVSVVAAAAAAGLVRAEDRYHPERLAAGEASAATRSAAESEASFWVREAQEAIERREREGAGAKQ,36
MEFVLFSQMSSFFLVSTLLLFLIISHSCHAQNSQQDYLDAHNTARADVGVEPLTWDDQVA,30
MANISSIHILFLVFITSGIAVMATDFTLRNNCPTTVWAGTLAGQGPKLGDGGF,23
MARLLTTCCLLALLLAACTDVALSKKGKGKPSGGGWGAGSHRQPSYPRQPGYPH,24
MVKSHIGSWILVLFVAMWSDVGLCKKRPKPGGGWNTGGSRYPGQGSPGGNRYPP,24
MARRSQGTKLHLAVLCLVVSCHAIGLSDLMERASQRSDKLHSLSTSLNKDLDS,23
MSNRGASLKGLFLAVLLVSNTLLTKEGVTSLPICPIGSVNCQVSLGELFDRAVKLSHYIH,30
MNSQVSARKAGTLLLLMMSNLLFCQNVQTLPVCSGGDCQTPLPELFDRVVMLSHYIHTL,29
MAHRPPSPALASVLLALLLSGAARAAEIVGGHEAQPHSRPYMASLQMRGNPGSHF,25
MAAYTSKIFALFALIALSASATTAITTMQYFPPTLAMGTMDPCRQYMMQTLGMG,24
MLPSSIQPCSWILLLLLVNSSLLWKNVASFPMCAMRNGRCFMSFEDTFELAGSLSHNIS,29
MKIIFVFALLAIAACSASAQFDVLGQSYRQYQLQSPVLLQQQVL,14
MITEGAQAPRLLLPPLLLLLTLPATGSDPVLCFTQYEESSGKCKGLLGGGVSVEDCC,27
MASFVSFLVLLLAALILMPQGLATYYKPIKKPPVYKPPVYKPPVYKPPVYKPKP,24
MLLILLSVALLALSSAESSSEDVSQEESLFLISGKPEGRRPQGGNQ,16
MLVVLLTAALLAEHATIYEDSISQLSEEEQQGQDPGQLHQRPGQ,14
MNFLKSFPFYAFLCFGQYFVAVTHAATFDIVNQCTYTVWAAASPGGGRQLNSGQS,25
MELALSQPSFFGTLLMLVVSNLLLWEKAASIPACMVEDGGCWDPLREAFNSATQRAETLR,30
MWQLTSLLLFVATWGISGTPAPLDSVFSSSERAHQVLRIRKRANSFLEELRHSSLERECIEE,32
MRLSVLLSLLPLALGAPAVEQRSEAAPLIEARGEMVANKYIVKFK,15
MPGTALSPLLLLLLLSWASRNEAAPDQDEIDCLPGLAKQPSFRQYSGYLRASD,23
MRVLGGRCGALLACLLLVLPVSEANFLSKQQASQVLVRKRRANSLLEETKQGNL,24
MAGCVPLLQGLVLVLALHRVEPSVFLPASKANDVLVRWKRAGSYLLEELFEGN,23
MFSKVLPFVGAVAALPHSVRQEPGSGIGYPYDNNTLPYVAPGPTDSRAPCP,21
MATMENKVICALVLVSMLALGTLAEAQTETCTVAPRERQNCGFPGVTPSQCANK,24
MKFQHTFIALLSLLTYANAYDYFTTTLANQNPVCASVDVIQNVCTEVCG,19
MRLSLCLLTILVVCCYEANGQTLAGQVCQALQDVTITFLLNPEEELKREL,20
MKLVFLFLLVTIPICCYASGSGCSILDEVIRGTINSTVTLHDYMKLVK,18
MWLCPLALNLILMAASGAACEVKDVCVGSPGIPGTPGSHGLPGRDGRDGL,20
MLHFLSMLVLLVQPLGDLGAEMKTLSQRSITNTCTLVLCSPTENGLPGR,19
MNVLLGSVVIFATFVTLCNASCYFIPNEGVPGDSTRKCMDLKGNKHPINS,20
MRLYLLSLILVFYASVSSASLDSVNFGRGGGWGSGNQGVLCGTHYCPPG,19
MMSAKDTVKVMVVMLAICFLARSDGKPIKKRSVSEIQLMHNLGKHLSSLERVEWL,25
MSSQQYQQQRRKFAAAFLALIFILAAVDTAEAGKKEKPEKKVKKSDCGEWQWSVCVPTSGDC,32
MALLYRRMSMLLNIILAYIFLCAICVQGSVKQEWAEIGKNVSLECASENEAVA,23
MRRLLEPCWWILFLKITSSVLHYVVCFPALTEGYVGALHENRHGSAVQI,19
MITRPIILVILCYAILMIVQSFVPKAVALKRKPDVGGFMVEDQRTHKSHNYMMKRARND,29
MKYAQYVFLASIFSAVEYSLAQTCAVDSFSVKDNFDPKRYAGKWYALAKKD,21
MVAVRRPWPVMVAMLLVLLACLGALVDAYPAKPEAPGEDASPEELSRYYASLRHYLNL,28
MKTVLLLICLLGSAFTTPTDPLNYQFGAHGQKTAEKHKYTHSEMPE,16
MRTLALSLALALLCLLHTEAAATVPDRSEVAGKWYIVALASNTDFFLREK,20
MTTIPAIGILPIDFLTILLLFSFISHSVCVEFAEDAGELDKSNAFRRQVPQWAVGHF,27
MLRFAITLFAVITSSTCQQYGCLEGDTHKANPSPEPNMHECTLYSES,17
MARGGRLGLALGLLLALVLALRAKPTVRKERVVRPDSELGERPPEDNQSF,20
MPRLFSYLLGVWLLLSQLPREIPGQSTNDFIKACGRELVRLWVEICGSVSWGRT,24
MSSRLLLQLLGFWLFLSQPCRARVSEEWMDQVIQVCGRGYARAWIEVCGASV,22
MDGWRRMPRWGLLLLLWGSCTFGLPTDTTTFKRIFLKRMPSIRESLKERGVDM,23
MRPFHAYSWIFSQQYMGTKNVKEKNPTIYSFDDEEKRNENKSFLKVLCSKRGVLPIIGILYIILNGNLGYNGSSSSGVQFTDRCSRNLYGETLPV,65
MKWVWALLLLAAWAAAERDCRVSSFRVKENFDKARFSGTWYAMAKK,16
MERKVLGLLIALGFLGSCLAEKNCRVDNFEVMKDFNKERYAGVWYAVAKK,20
MENKTPIFFSLSIFLSLLNCALGGNDLLSCLTFNGVRNHTVFSADSDSDFNRF,23
MEAPIVLLLLLWLALAPTPGSASSEAPPLVNEDVKRTVDLSSHLAKVTAEVV,22
MAPPGSSAVFLLALTITASTQALTPTHYLTKHDVERLKASLDRPFTSLESAF,22
MKPGGNTIVIWMYAVATWLCFGSTSGWSFTLEDNNIFPKQYPIINFTTAGATVQSYTNFIRAVRG,35
MKIYVVATIAWILLQFSAWTTTDAVTSITLDLVNPTAGQYSSFVDKIRNNVKDP,24
MKRFTVLILAIFVAASTVEADVRFSLSGSSSTSYSKFIGDLRKALPSNG,19
MKSMLVVTISIWLILAPTSTWAVNTIIYNVGSTTISKYATFLNDLRNEAKDP,22
MLTTTKVFFLLLTTWITWYAIVNPQSRAAPTLETIASLDLNNPTTYLSFITNIRTKVA,28
MVPKLFTSQICLLLLLGLLAVEGSLHVKPPQFTWAQWFETQHINMTSQQCTNAMQVI,27
MVAIKNLFLLAATAVSVLAAPSPLDARATWTCINQQLNPKTNKWEDKRLLYSQAKAE,27
MKAVLALATLIGSTLASSCSSTALSCSNSANSDTCCSPEYGLVVLN,16
MSKSQLTSVFFILLCALSPIYGAFEYMQLVLTWPITFCRIKHCERTPTNFTI,22
MALKSLVVLPLLVLVLLLVRVQPSLGKESAAAKFERQHMDSGNSPSSSSNYCNLMM,26
MGMLALGAMQLAAGAVFEFPSCPKDIPFSCQNSTAVADSCCFNSPGG,17
MPSNNFKFFLTWWLTQQVTGLAVPFMLDMAPNAFDDQYEGCVEDMEKKAP,20
MKPFLSIIFCFLVLGVDSQRWFQFMKEAGQGTRDMWRAYTDMREANWK,18
MRLLQLLFRASPATLLLVLCLQLGANKAQDNTRKIIIKNFDIPKSVRPNDEVTAVLAV,28
MDKLLLWMSVFTSLLSEAFAQTDLNQKVFVFPRESETDYVKLIPWLEKPL,20
MNRILSVSFYLFFLYLYIYKTYGKVKNTDQEISNIYGTNYYLRNGFLNGKNGK,23
MQSLMQAPLLIALGLLLATPAQAHLKKPSQLSSFSWDNCDEGKDPAVIRSLTLEPDPIVVP,31
MYALALLASLLVTALTSPVQDPKICSGGSAVVCRDVKTAVDCRAVK,16
MGMRTKLSLAIFFFFLLALFSNLAFGKCKETEVEEEDPELVTCKHQCQQQQQYTEGDKR,29
MKKTQTWIITCIYLQLLLFNPLVKTQEICRNPVTDNVKDITKLVANLPNDYMITL,25
MALMLVLFFLAAVLPPSLLQDNSQENSLEKLSTSKKSVQEEIVSKHNQL,19
MLSTMRPRLSLLLLRLLLLTKAAHTVGVPPRLCDVRRVLLEERAHCLQQLSK,22
MKLLLLLVISASMLLECLVNADGYIRKKDGCKVSCIIGNEGCRKECVAHGG,21
MKGMILFISCLLLIGIVVECKEGYLMDHEGCKLSCFIRPSGYCGRECGIK,20
MNHLVMISLALLLLLGVESVRDAYIAKNYNCVYECFRDAYCNELCTKNG,19
MKFLLLFLVVLPIMGVLGKKNGYAVDSSGKAPECLLSNYCYNECTKVH,18
MKNYSKNATHLITVLLFSFVVILLIIPSKCEAVSNDRQSLEARSADLVPEPRYIIDVPPRCP,32
MEPLLPTPPLLLLLLLLLSSSFVLPAPPRTPRHSDGTFTSELSRLQDSARL,21
MKLSTVLLSAGLASTTLAQFSNSTSASSTDVTSSSSISTSSGSVTITS,18
MWRSLGLALALCLLPYGGAESQGQSPACKQAPPWNIGDQNPMLNSEGTV,19
MKSYISLFFILCVIFNKNVIKCTGESQTGNTGGGQAGNTVGDQAGS,16
MALQLGLFLIWAGVSVFLQLDPVNGDQDEGVSTEPTQDGPAELPEDEECVFPFVY,25
MQPAMLLGLLGAAALAAVSSAPVDNRDHNEEMVTRCIIEVLSNALSKSSV,20
MTESKAYRFGAVLLLIHLIFLVPGTEAASFQRNQLLQKEPDLRLENVQKFPSPEMIRALE,30
MKFFTVLLFVSLAATSLALLPGSKDELQMKTQPTDAIPAAQSTPTSYTS,19
MKLTIATALASILLIGSANVANCCDCGCPTTTTTCAPRTTQPPCTTTTTTTTT,23
MKLLVVAVIACIMLIGFADPASGCKDCSCVICGPGGEPCPGCSARVPVCKDLIN,24
MKTALILLSILGMACAFSMKNLHRRVKIEDSEENGVFKYRPRYYLY,16
METMYHRFLCIPFLLILGLAQGQSKGLQTVTTFRTGLKPIDVTAIRTGLQPIATFH,26
MKLLLLNILLLCCLADKLNEFSADIDYYDLGIMSRGKNAGSWYHS,15
MPLWVFFVLLTLTSGSHCSLPPSPPFRVRRHADAIFTSSYRRILGQLYA,19
MAAPSRTTLMPPPFRLQLRLLILPILLLLRHDAVHAEPYSGGFGSSAVSSGGLGSVGIHIPGGGVG,36
MKGVRKPYDNSYTLSFLLVFFVLILFCPAFSINTLSSTESLRISSNRTLVSPGNNFELGFF,31
MFSFHERMKKKHVTIRVYKHERILVFLFVLFISTTDFSTEIIMIQTINWIVWKLFIIYISLDLFS,35
MRGFVYVLVCVLALASFSRAQLPGAGGPVLPGGGPTIGPVNPDPT,15
MKGVLFIVASLIAFATGQDCPAYYVRSQSGQSCYRYFNMRVPYRM,15
MKSLYLIFGLWILLACFQSGEGVRGPRRQHNPRRQQDPSTLPHYLGLQPDPN,22
MLSCRLQCALAALCIVLALGGVTGAPSDPRLRQFLQKSLAAATGKQELAKYFLA,24
MQCIRCPAILALLALVLCGPSVSSQLDREQSDNQDLDLELRQHWLLERARSAGL,24
MLALLCSCLLLAAGASDAWTGEDSAEPNSDSAEWIRDMYAKVTEIWQE,18
MTVYSYLVILFILLDNYCSAYGYGYSYYHRRHFDPAIASFTKEPYIGA,18
MASGFLLWPVLLVSFSVNAVEPISLYNLFTSAVNRAQHLHTLAAEIYKE,19
MARVLVLLSVVLVSLLVNQGRASDNQRLFNNAVIRVQHLHQLAAKMINDFEDS,23
MATGSRTSLLLAFGLLCLPWLQEGSAFPTIPLSRLFDNAMLRAHRLHQLAFDTYQE,26
MNRVILLLSVMCVGVSSQPITENQRLFSIAVGRVQYLHLVAKKLFSD,17
MASGLGSSLVLLVVICLQSPQGFNAFPQMSLSNLFTNAVIRAQHLHQMVADTYRD,25
MNMMTVKQQGVWAALLWPYLLTASIPLDCKEEQGSLSRCPSISQEKLLDRVIQH,24
MKILSLLVVGALCMGGKVYGEVNGDWNNNGDWNNNGDWNNNGDWNNNGPILDC,23
MRILKLAALSCLLFIAPSLSINCDGLSKDQCEQNFPQCQILTAKSCCGES,20
MLLLVTLALLAGPTCRAQNILGNNVGTYFYVAGEEHGQLRGIRIFLT,17
MGLPMMLQQYCWAACLVICIAISSVDDVGAEQNYGREAVEGNIRLIHGRTENEGSVEIYH,30
MRAWIFFLLCLAGRALAAPQQEALPDETEVVEETVAEVTEVSVGANP,17
MKSTFLFALFVLFLAASEAATDYPTNPPTTPPTPAPTSTPLPSSAASPE,19
MQVRNILVALVVVCFAVSEAATQAPTSPPDSSASAEQVAQLLNAPSELDR,20
MKSFVFFAACMAIIALSSLVQAYPQKLPVPIPPPTNPPVAAFHNSVATNSKG,22
MNIKIVVLVIFAILLGSALAWHGSKHHNPTKAPTEAPHRGGGGGGGHNTPAP,22
MRALLLFCFVASLLLSGQAELQVPASGGTEDVGNLLENHFSAGDASLEE,19
MGHHRPWLHASVLWAGVASLLLPPAMTQQLRGDGLGFRNRNNSTGVAGLSEEASAELR,28
MKFTSVLAFFLATLTASATPLYKRQNVTSGGGTVPVIITGGPAVSGSQ,18
MESRGPLATSRLLLLLLLLLLRHTRQGWALRPVLPTQSAHDPPAVHLSNGPGQEPIAVM,29
MATTRFPSLLFYSYIFLLCNGSMAQLFGQSFTPWQSSRQGGLRGCRFDRLQAFE,24
MRVLVLLACLAAASASAISGGYGTMVFTKEPMVNLDMKMKELCIM,15
MKSVLILAGLVAVALSSAVPKPSTIKSKNVDAVFVEKQKKILSFFQ,16
MRLLASVLLALFAVSHAEEGARLLASKSLLNRYAVEGRDLTLQYNIY,17
MKFLVFAFILALMVSMIGADSSEEKFLRRIGRFGYGYGPYQPVPEQPLY,19
MANFSESKSMMAVFFMFFLLLLSSSSSSSSSSPILKKIFIESPSYAPNAFTFDSTDKGFYT,31
MPLRKMKIPFLLLFFLWEAESHAASRPNIILVMADDLGIGDPGCYGNKTIR,21
MEFAHLTVLSLFCLAFVGITATSSGEDYWQSIWPNTPLPKTFSDLSIPSGKT,22
MKSSVFILSLFLLLERQAAVVGQYGGTKGHFQSSSSGFMLGQKGHLNFGLKG,22
MKSTSLFLCSLLLLLVTGAIGRKTKEKYSQSEEVVSESFASGPSSGSSDDE,21
MSPTGFFLLTVLLVLVTEAASRGPREKFSQSAEDPYSENMNLKILASGRGS,21
MKKLVIALCLMMVLAVMVEEAEARWCFRVCYRGICYRKCRGKRNEVRQYRDRG,23
MRLHHLLLALLFLVLSAWSGFTQGVGNPVSCVRNKGICVPIRCPGSMKQIGTCVGR,26
MRQSHQLPLVGLLLFSFIPSQLCEICEVSEENYIRLKPLLNTMIQSNYNRGTS,23
MRHLGAFLFLLGVLGALTEMCEIPEMDSHLVEKLGQHLLPWMDRLSLE,18
MGAMTQLLAGVFLAFLALATEGGVLKKVIRHKRQSGVNATLPEENQPVVFNH,22
MELWGAYLLLCLFSLLTQVTTEPPTQKPKKIVNAKKDVVNTKMFEELKSRL,21
MKKEHIFWTSICLLLGLVPAPVSSAAEEDEEFTNITDIKPPLQKPTHSFCAMKV,24
METPAWPRVPRPETAVARTLLLGWVFAQVAGASGTTNTVAAYNLTWKSTNFKTILEWEPKPV,32
MAILVRPRLLAALAPTFLGCLLLQVIAGAGIPEKAFNLTWISTDFKTILEWQPKPTNY,28
MTSHYVIAIFALMSFCLATAGPEPGALCELSPVSASHPVQALMESF,16
MSPFLYLVLLVLGLHATIHCASPEGKVTACHSSQPNATLYKMSSINADFA,20
MEVVRGSSLVLLVLLLGALLVSQVESKSCCPNTTGRNIYNACRLTGAPRPTCAKLS,26
MGSKGLKGVMVCLLILGLVLEHVQVEGKSCCRSTLGRNCYNLCRVRGAQKLCANACR,27
MNPAISVALLLSVLQVSRGQKVTSLTACLVNQNLRLDCRHENNTKDNSI,19
MVSVWWLLLLGTTVSHMVHTQEQPLLEEDTAPLDDLDVLEKAKGI,15
MALVLEIFTLLASICWVSANIFEYQVDAQPLRPCELQRETAFLKQADYV,19
MPGPWLLLALALIFTLTGIPESCALPEAAQEEGAVTPDLPGLENVQVRPERRFL,24
MGAAARSLPLAFCLLLLGTLLPRADACSCSPVHPQQAFCNADIVIRAKAVNKKEVD,26
MKILVAVAVFFLVSTQLFAEEIGANDDLNYWSDWSDSDQIKEAMPEPFE,19
MTPPGRLYLPLLLGLLLAPPPPGAQGLPGAEFPPSAARNAQQRLQKHFGHSTLKPA,26
MGLSTVPDLLLPLVLLELLVGIYPSGVIGLVPHLGDREKRDSVCPQGKYIH,21
MAPAALWVALVFELQLWATGHTVPAQVVLTPYKPEPGYECQISQEYYDRKAQ,22
MRLFLLLVGLTTVIADDLPPTCIRPVYCNSTLLHYVQMARLYPDS,15
MKLILCTVLSLGIAAVCFAAPPKSVIRWCTISSPEEKKCNNLRDLTQQE,19
MRLAVGALLVCAVLGLCLAVPDKTVRWCAVSEHEATKCQSFRDHMKSVI,19
MDFSLRVALCLSMLALCLAIQKEKQVRWCVKSNSELKKCKDLVDTCKNKEIK,22
MKLVFLVLLFLGALGLCLAGRRRRSVQWCAVSQPEATKCFQWQRNMRKV,19
MRGPSGALWLLLALRTVLGGMEVRWCATSDPEQHKCGNMSEAFREAGIQ,19
MLLCLTLLFSASAVLAMPTPEGSPHHEIYKVCVPEGALESCHRMSQ,16
MALKLLTLIALTCAAANAAKSSYKLCVPAAYMKDCEQMLEVPTKSKVA,18
MLRGGRRGQLGWHSWAAGPGSLLAWLILASAGAAPCPDACCPHGSSGLRCTRDGALDSLHHL,32
MSPWLKWHGPAMARLWGLCLLVLGFWRASLACPTSCKCSSARIWCTEPSPGIVAFPRLEPN,31
MLSLLLLALPVLASRAYAAPAPVQALQQAGIVGGQEAPRSKWPWQVSLRVRDRYWMHFCG,30
MKICIFFTLLGTVAAFPTEDNDDRIVGGYTCQEHSVPYQVSLNAG,15
MAPLIRMLDLLGTLSPKVGIVGGCKVPARRYPWQVSLRFHGMGSGQWQH,19
MLLAIFYFVISTLTAKCTTQTQTCEAEKCEMVGETEICTRCQTGKVP,17
MFGRFLLAIVILQLARTACTQEADDGKCKTCGVTIGQDTWCSECNGA,17
MNAVVLFSVLFALACEQVSSFCIPTEYMMYVDRRECAYCLTINTTICAGY,20
MRPGSLLQLTLLLALPRSLWGRGCTSPPCECHQEDDFRVTCKELHQIPSLP,21
MGLAWGLGVLFLMHVCGTNRIPESGGDNSVFDIFELTGAARKGSGRRL,18
MASLRLFLLCLAGLIFASEAGPGGAGESKCPLMVKVLDAVRGSPAVDVAV,20
MAMLLGASVLILWLQPDWVNSQQKNDDQQVKQNSPSLSVQEGRISILNCDYTNSMFD,27
MKSLSVSLVVLWLLLNWVNSQQNVQQSPESLIVPEGARTSLNCTFSDSAS,20
MLLLLVPVLEVIFTLGGTRAQSVTQLGSHVSVSEGALVLLRCNYSSSVPP,20
MNMRPDTCSVLVLLLMLRRNNGDSVTQTEGLVTLTEGLPVMLNCTYQSTYSP,22
MATRLLCYTVLCLLGARILNSKVIQTPRYLVKGQGQKAKMRCIPEKGHPV,20
MGTSLLCWMALCLLGADHADTGVSQNPRHNITKRGQNVTFRCDPISEHNRL,21
MSCRLLLYVSLCLVETALMNTKITQSPRYLILGRANKSLECEQHLGHNAMY,21
MNKWVFCWVTLCLLTVETTHGDGGIITQTPKFLIGQEGQKLTLKCQQNFNH,21
MWQFCILCLCVLMASVATDPTVTLLEQNPRWRLVPRGQAVNLRCILKNSQ,20
MLLLRWFTSCCLWVFGLGQLEQTELSVTRETDENVQISCIVYLPYFSN,18
MRWALLVLLAFLSPASQKSSNLEGRTKSVTRQTGSSAEITCDLTVTNTFY,20
MKTLLLTLLVVTIVCLDLAHTRICYSHKLLQAKTTKTCEENSCYKRSLPKI,21
MKICTFFIPLFKMNLFFLFIIPTILAVKPFRSFNNISLIDNGNVESVRAVVIDYCDIRHPNNLCKKHFE,39
MKSYNVLPLAYISLFLMLFYQVWAQFPRECANIEALRRGVCCPDLLPSSGPGTD,24
MGHPPLLPLLLLLHTCVPASWGLRCMQCKTNGDCRVEECALGQDLCRTTIVR,22
MMCNLLLSCSVLLLSCSHLLAHPVTDTADMTYSGPDSVEEAGGVNPDDFSV,21
MRALLARLLLCVLVVSDSKGSNELHQVPSNCDCLNGGTCVSNKYFSNIHW,20
MGQPSLTWMLMVVVASWFITTAATDTSEARWCSECHSNATCTEDEAVTTCTCQE,24
MKLAITLALVTLALLCSPASAGICPRFAHVIENLLLGTPSSYETSLKEFEP,21
MSHRRMQLALSLVFILCGLFNSIFCEKQQHSQQHANLVLLKKISAFSQKMEAHPK,25
MKSFVLATCLLGFAQIIYADNKELKIIRKDVAECLRTLPKCGNQPDDPL,19
MEISGLVYLIIIVTIIDLPYGKANNYCKIKCLKGGVHTACKYGSLKPNCGNKV,23
MVRNKSACVVLLFSLFLSFGLLCSAKDFPGRRGDDDPPKRYEDCRRRCEWDTRGQ,25
MAATTLKDSFPLLTLLGIAFLASVCLSSRSDQDNPFVFESNRFQTLFENENGHIRLL,27
MNFLLSWVHWSLALLLYLHHAKWSQAAPMAEGGGQNHHEVVKFMDVYQRSYCHPIE,26
MESRSKPQFLAILTLFSVLFSQSLAWPLYGPPSSVRLDDRLQFEGAGDPDQ,21
MNPMRVLSLLACLAVAALAKPNGRMDNSVNQALKPSQWLSGSQLEAIPAL,20
MNPLRTLCVMACLLAVAMGNPQSGNRSGRRSNSLDNVEQPSNWVNPREVE,20
MMSLRICLLATCLLVAAHASKDASNDRLKPTKWLTATELENVPSLNDIT,19
MLRTTVVLLTLAAIAFAAPTSDDIYNNVVIGDIDGAVAKSKELQKQG,17
MVTKERNAALKIVMLVASALTLHPQQALAQTAGRPLADVVGKTLCTYSKTAKRQAANLA,29
MLRALLPSTTLALILAGGGHAAVGDAFPAFAVLCAAWDAATNKQIKPWSED,21
MFKNINAAVLLLILSTRNDYANAAAGDNENLFLDLCNLLELGKRAVSKLAPTN,23
MVYRNILQLSVLKVLLIVLIVEATHFGVKYELWQPECELTAELRKTAGVAKMK,23
MQSQQQPVFISIILLAINTDAAAPTTAVNAREFGLLCTLVRAEDNLEDRRS,21
MTKAYENRMLLQALVLAAVLCTTHAEGTAKAPLKHSVATGFCSFSKAAKQAANKLAQTL,29
MATGRAKNTKWARWLSTAGLIIVVTLPATTMAAERTGLKATAWKPLCKLTTELSKVSGEMLN,32
MPSNQEARLFLAVLVLAQVLPILVDSAAEKGFKQAFWQPLCQVSEELDDQPKGALF,26
MDCHTKETLGVTQWRRSTMLTLSLLYAITPADGAKEALEYKTWTNHCGLAATLRKVAGGVLTK,33
MIHSNKVATVVLALISSWPADGTNNHGLKLQKAQAICKMSKELKATAMRAAN,22
MAVHRALAAYAISLYVLLPRKSGATDKGAIKFETWEPLCLLTQDFGNLYNRAHK,24
MKRVLSNVLKAWIFTIVAFHNFSTSVTADAPVNAAEYNALCRLYNIARAGEGLKEEDW,28
MLDNSRARSIVHLLILLKAHVITQIIKNTQEFTSLCTFVKVTLKATDGLTSA,22
MRGIILAQLLALAGSEKSQYEPFFSESKPYVYNYEGIILNGIPEN,15
MKRVLVLLLALAFGHALERGRDYEKDKVCQELSTLGKDDFRSLSLI,16
MAPLRPIFTLALLLWVVLADQESCKDRCTEGFNANRKCQCDELCSYYQS,19
MIPARFAGVLLALALILPGTLCAEGTRGRSSTARCSLFGSDFVNTFDGSMYS,22
MSCLISLVLGLLALEVALAQNLEEQVFNSVQSMFQKASPIEGTECIICQ,19
MRCLISLALGLLALEAALALAPKFIAPVQVMCPEPSSSEETLCLSDNDC,19
MKITKFLGLSFLLFAFAATSFPDGVHAEDPAAVLDFYGREVQAGASYLIDQEDF,24
MGLWALLPSWVSTTLLLALTALPAALAANSSGRWWGIVNIASSTNLLTDSKSLQLVL,27
MDISYIFVICLMALCSGGSSLSQVEGKQKSGRGRGSMWWGIAKVGEP,17
MGRAMVARLGLGLLLLALLLPTQIYCNQTSVAPFPGNQNISASPNPSNATTRGGW,25
MFFYVLLLALMAQGWSLPQGKTGEDSPVFRPPSPPMGPSLPPPVSHDL,18
MYKGIFLCVLLAVICANSLATPSSDADEDNDEVERYVRGWASKIGQTLGK,20
MEFLRGGAALLQLLLVLSISRCCSTDPDRKVCQGTSNQMTMLDNHYLKMKKMYSG,25
MVQIKAAALAMLFASHVLSEPIEPRQASVSIDSKFKAHGKKYLGNIGDQYTLTKN,25
MLSSTTLLAILSALALTSVQAAPADKNSLDYLANKAGKRYLGTAVQSPQLV,21
MKVTAASAGLLGHAFAAPVPQPVLVSRSAGINYVQNYNGNLADFTYDESAGTFSMYW,27
MVPVLLSLLLLLGPAVPQENQDGRYSLTYIYTGLSKHVEDVPAFQAL,17
MATKILSLLALLALFASATNASIIPQCSLAPSSIIPQFLPPVTSMAFEHPA,21
MKVLIVALALLALAASAASSTSGGCGCQTPPFHLPPPFYMPPPFYLPPQ,19
MARWQRKASVSSPCGRSIYRFLSLLFTLVTSVNSVSLPQSENPAFPGTLICDKDEVRIEFSSRF,34
MPNRRRCKLSTAISTVATLAIASPCAYFLVYEPTASAKPAAKHYEFKQAASI,22
MTDVSRKIRAWGRRLMIGTAAAVVLPGLVGLAGGAATAGAFSRPGLPVEYLQVPSPSMGRDIKVQFQSGG,40
MGLNRFMRAMMVVFITANCITINPDIIFAATDSEDSSLNTDEWEEEKTEEQPSEVNTGP,29
MVNRRDLIKWSAVALGAGAGLAGPAPAAHAADLEWEQYPVPAAPGGNRSWQLLPSHSDDF,30
MKKNIITSITSLALVAGLSLTAFAATTATVPAPPAKQESKPAVAANPAPKNVLFQ,25
MEIKQMLVPVSRYSVLCPYEMNPTEITFHNTYNDAPAINERNNVANNSTGTSFHIAVDDKEAIQLIP,37
MKMRTGKKGFLSILLAFLLVITSIPFTLVDVEAHHNGTNGTMMQYFEWYLPNDGNHWNRLNSD,33
MKNQFQYCCIVILSVVMLFVSLLIPQASSAAVNGKGMNPDYKAYLMAPLKKIPEVTNWET,30
MTLYRSLWKKGCMLLLSLVLSLTAFIGSPSNTASAAVADDFQASVMGPLAKINDWGSFKKQLQTL,35
MIGAFKRLGQKLFLTLLTASLIFASSIVTANASIAPNFKVFVMGPLEKVTDFNAFKDQLITL,32
MKKKTLSLFVGLMLLIGLLFSGSLPYNPNAAEASSSASVKGDVIYQIIIDRFYDGDTTNNNPA,33
MKQQKRLYARLLTLLFALIFLLPHSAAAAANLNGTLMQYFEWYMPNDGQHWKRLQNDSA,29
MKGKKWTALALTLPLAASLSTGVDAETVHKGKAPTADKNGVFYEVYVNSFYDANKDG,27
MLTFHRIIRKGWMFLLAFLLTASLFCPTGRHAKAAAPFNGTMMQYFEWYLPDDGTLWTKVANEA,34
MFAKRFKTSLLPLFAGFLLLFHLVLAGPAAASAETANKSNELTAPSIKSGTILHAWN,27
MARRLATASLAVLAAAATALTAPTPAAAAPPGAKDVTAVLFEWKFASVARACTDSLGP,28
MKKTFKLILVLMLSLTLVFGLTAPIQAASDTAVSNVVNYSTDVIYQIVTDRFVDGNT,27
MFKRRALGFLLAFLLVFTAVFGSMPMEFAKAETDTAPAIANVVGNFQSKLGDSDWNINSDK,31
MKQQTEVKKRFKMYKAKKHWVVAPILFIGVLGVVGLATDDVQAAELDTQPGTTTVQPDNPDPQVGSTTPKTAV,43
MFKSNYERKMRYSIRKFSVGVASVAVASLFMGSVAHASELVKDDSVKTTEVAAKPYPSMAQTDQGNN,37
MFRRSKNNSYDTSQTKQRFSIKKFKFGAASVLIGLSFLGGVTQGNLNIFEESIVAASTIPGSAATLNTSIT,41
MLHTRIRRATLGAVAALSLVPVMACGQESSADAAEPAGSAPSSSAAAHKPGEVEPY,26
MKNTLLKLGVCVSLLGITPFVSTISSVQAERTVEHKVIKNETGTISISQLNKNVWVHTE,29
MILKNKRMLKIGICVGILGLSITSLEAFTGESLQVEAKEKTGQVKHKNQATHKEFSQ,27
MADRRRVHAWARARPAAPEPAPPTPSAAAPSVAPGPAATPPDPAVEQEFTRLQTQYDAR,29
MHPSTSRPSRRTLLTATAGAALAAATLVPGTAHASSGGRGHGSGSVSDAERRLAGLERASGARLGVYAY,39
MRLTQAPPSRRTLMTLGAGATMAALLPAGGAAYASTSTAKAPAAEGISGRLRALEKQYAAR,31
MRTVGIGAGVRRLGRAVVMAAAVGGLVLGSAGASNAAGVMTGAKFTQIQFGMTRQQVLDIAGAENC,36
MKKQVKWLTSVSMSVGIALGAALPVWASPDTSVNNKLNFSTDTVYQIVTDRFVDGNS,27
MFQMAKRAFLSTTLTLGLLAGSALPFLPASAVYADPDTAVTNKQSFSTDVIYQVFTDRFLDGNP,34
MNDLNDFLKTILLSFIFFLLLSLPTVAEADVTNKVNYSKDVIYQIVTDRFSDGNPGNNP,29
MRRWLSLVLSMSFVFSAIFIVSDTQKVTVEAAGNLNKVNFTSDVVYQIVVDRFVDGNTSNN,31
MINLNKHTAFKKTAKFFLGLSLLLSVIVPSFALQPATAEAADSYKIVGYYPSWAAYGRNYNVADIDPTKVT,41
MNQAVRFRPVITFALAFILIITWFAPRADAAAQWQAGTAYKQGDLVTYLNKDYECIQPHT,30
MHMSNARPSKSRTKFLLAFLCFTLMASLFGATALFGPSKAAAASPDDNFSPETLQFLRNNTGLDGEQWNNIM,42
MHSQHRTARIALAVVLTAIPASLATAGVGYASTQASTAVKAGAGLDDPHKKEIAMELVSSAENSSLDWKA,40
MRFRHKAAALAATLALPLAGLVGLASPAQAATSATATFQKTSDWGTGFGGKWTVKNTGTT,30
MTDSRANRADATRGVASVSRRRFLAGAGLTAGAIALSSMSTSASAAPSRTLADGDRVPALVIGSGYGGAVAALRL,45
MTAQQHLSRRRMLGMAAFGAAALAGGTTIAAPRAAAAAKSAADNGGYVPAVVIGTGYGAAVSALRLGEAGVQ,42
MNVHTPNLSIRNMVKGIKKAREVFLLDYPLNEQSFEQITPYDERQPYYYPRPRPPFYPPYYYPRPYYPFYPFYP,44
MRDTAFRSIKAKAQAKRRSLWIAAGAVPTAIALTMSLAPMASAQSSNLSSDAVVGSIAQGVTDGLTDYLKPRV,43
MKKVVNSVLASALALTVAPMAFAAEEAATTTAPKMDADMEKTVKRLEALGLVA,23
MNKKVVLSVLSTTLVASVAASAFAAPKDGIYIGGNIKKYYSTDVLFEMTPQAKA,24
MRRRKQNWLFWLLSICLCLTFGPFQQTVKAESAPLDIRADAAILVDAQTGRILYEKNIDT,30
MRIFKKAVFVIMISFLIATVNVNTAHAAIDVSAKSAIIIDGASGRVLYAKDEHQKRR,27
MVSGTVGRGTALGAVLLALLAVPAQAGTAAAADLPAPDDTGLQAVLHTALSQGAPGAMVRV,31
MKPSHFTEKRFMKKVLGLFLVVVMLASVGVLPTSKVQAAGTTVTSMEYFSPADGPVISKSGVGKASYG,38
MKNKLLFKIFLSLSLALSVYSINDKIIEVSNTSLAADVKNFTDLDEATKWGNKLIKQAKYSSDDK,35
MSSAMRKTTNSPVVRRLTAAAVALGSCLALAGPAGSAGAAPADPVPTVFFGDSYTANFGIAPVTNQDSE,39
MNNSKIISKVLLSLSLFTVGASAFVIQDELMQKNHAKAEVSAEEIKKHEEKWNKYYGVNAFNLPKELF,38
MDKNMFKKIILAASIFTISLPVIPFESTLQAKEYSAEEIRKLKQKFEVPPTDKELYTHITD,31
MKKNLVKSLAIASAVISIYSIVNIVSPTNVIAKEISNTVSNEMSKKASYDNVDTLIEKGRYN,32
MYKRLFISHVILIFALILVISTPNVLAESQPDPKPDELHKSSKFTGLMENMKVLYDD,27
MKKFNILIALLFFTSLVISPLNVKANENIDSVKEKELHKKSELSSTALNNMKHSY,25
MKKTAFILLLFIALTLTTSPLVNGSEKSEEINEKDLRKKSELQRNALSNLRQIYYYN,27
MHSLNTRRGLGLAAAMTLAAGALVAPTGAAAPADPNGSTIDPDAATTLTVHKCEQTDTNG,30
MKYNTSTLGRRAAAAAGVLTLAVLGLAPMAQAENANHGDINTEALGSLTIHKHLNGDGNPIG,32
MKNNLRYGIRKHKLGAASVFLGTMIVVGMGQDKEAAASEQKTTTVEENGNSATDNKTSETQTTATN,36
MEKKVRFKLRKVKKRWVTVSIASAVVTLTSLSGSLVKADSTDDRQQAVTESQASLVTTSEAAKE,34
MPYLKRVLLLLVTGLFMSLFAVTATASAQTGGSFFDPFNGYNSGFWQKADGYSNGNMF,28
MNSKKIGAMIAAAVLSLIVMTPAATRKIVQRQTRNSSTAVENSAADESETENVPVSQTHTNDTMTVTSAKDLV,43
MSRKLRTLMAALCALPLAFAAAPPAHAADPTTMTNGFYADPDSSASRWAAANPGDGR,27
MKRRTTAVLTLTALLGTALTALPVQQAGAEEVEQVRNGTFDTTTDPWWTSNVTAGLSDG,29
MSPRPLRALLGAAAAALVSAAALAFPSQAAANDSPFYVNPNMSSAEWVRNNPNDPRTPVIR,31
MKRSISIFITCLLITLLTMGGMLASPASAAGTKTPVAKNGQLSIKGTQLVNRDGKAVQL,29
MSVTEPPPRRRGRHSRARRFLTSLGATAALTAGMLGVPLATGTAHAEPAFNYAEALQKSMFFYEAQRSGKLPENNR,46
MKKTTAFLLCFLMIFTALLPMQNANAYDASLIPNLQIPQKNIPNNDGMNFVKGLRL,26
MKNVKKRVGVVLLILAVLGVYMLAMPANTVSAAGVPFNTKYPYGPTSIADNQSEVTAMLKAE,32
MKRLLALLATGVSIVGLTALAGPPAQAATGCKAEYTITSQWEGGFQAGVKITNLGDP,27
MKKRRSSKVILSLAIVVALLAAVEPNAALAAAPPSAMQSYVEAMQPGWNLGNSLDAVGAD,30
MVSRRSSQARGALTAVVATLALALAGSGTALAASPIGEGTFDDGPEGWVAYGTDGPLDTSTG,32
MIKHLLSRGKLLLFVSVMATSSIIAGGNAYGSTAFTGVRDVPAQQIVNEMKVGWNLGNTMD,31
MSRMTLKSSMKKRVLSLLIAVVFLSLTGVFPSGLIETKVSAAKITENYQFDSRIRLNSIGFIPNHSKKATI,41
MKKIVSLVCVLVMLVSILGSFSVVAASPVKGFQVSGTKLLDASGNELVMRGMRDISAIDLVKEI,34
MKKAKAIFSLVVALMVLAIFCFAQNTGSTATTAAAAVDSNNDDWLHCKGNKIYDMYGNEV,30
MKKRLLVSFLVLSIIVGLLSFQSLGNYNSGLKIGAWVGTQPSESAIKSFQELQGRKLDIVHQFINWSTDFSWVR,44
MRKFYSFAIIISLLVTGLFIHTPKAEAAGYNYGEALQKAIMFYEFQRSGKLPENK,25
MKIKQIKQSLSLLLIITLIMSLFVPMASANTNESKSNAFPFSDVKKTSWSFPYIKDLYE,29
MPLRALVAVIVTTAVMLVPRAWAQTAWERYKARFMMPDARIIDTANGNVSHTE,23
MFSKIKKINFFKKTFSFLIAVVMMLFTVLGTNTYKAEAATTSFGGQLKVVGSQLCDSNGKPIQL,34
MPRTTPAPGHPARGARTALRTTRRRAATLVVGATVVLPAQAATTLKEAADGAGRDFGFALDPNRLSEAQYK,41
MKTRIVSSVTTTLLLGSILMNPVAGAADSDINIKTGTTDIGSNTTVKTGDLVTYDK,26
MKRYVCSTFVACVMVLCVIPASGAAAHEAVAEDAGNRIAAPACVHFTADWRYTFVTNDCSID,32
MRVRALRLAALVGAGAALALSPLAAGPASADTTVSEPAPSCVTLYQSWRYSQADNGCAQT,30
MEKEKKVKYFLRKSAFGLASVSAAFLVGSTVFAVDSPIEDTPIIRNGGELTNLLGNSETTLAL,33
MVRKRALGLAGSALTLVLGAVGFTAPAQAAPSCPAGSLCTYSGTGLSGARTVIPASDME,29
MNIKKEFIKVISMSCLVTAITLSGPVFIPLVQGAGGHGDVGMHVKEKEKNKDENKRKDEERNK,33
MKETKHQHTFSIRKSAYGAASVMVASCIFVIGGGVAEANDSTTQTTTPLEVAQTSQQETHTHQTPVTS,38
MKMNKLVKSSVATSMALLLLSGTANAEGKITPVSVKKVDDKVTLYKTTATADSDK,25
MLKNKILATTLSVSLLAPLANPLLENAKAANDTEDIGKGSDIEIIKRTEDKTSNKWGVT,29
MAKNTTNRHYSLRKLKTGTASVAVALTVVGAGLVAGQTVRADHSDLVAEKQRLEDLGQKFERLKQRSELYL,41
MLQNTSRFLARAGATVGVAAGLAFSLPADRDGAPGVTVTPATGLSNGQTVTVSATGLTPGTV,32
MKVYKKVAFVMAFIMFFSVLPTISMSSEANGAALSNPNANQTTKNVYSWLANLPNK,26
MRIKIFMLVTAVVLLCCSGVATAAPKTYCEELKGTDTGQACQIQMSDPAYNIN,23
MSKTNPNKLYSLRKLKTGTASVAVDLTVLGTGLANTTDVKAESRRYQAPPRVLLQGKEANKVFEERKALEK,41
MPMFRIRLPKPAALIAAGGIGACIATVAVPSAYAAAPAPADSRLGVTASLDRLPSIGERSTLTV,34
MVPISIIRNRVAKVAVGSAAVLGLAVGFQTPAVAAAPTATVTPSSGLSDGTVVKVAGAGLQAGT,34
MLVMTEYLLSAGICMAIVSILLIGMAISNVSKGQYAKRFFFFATSCLVLTLVVVSSLSSSANASQTDNGVNRSGSEDPTVYSATSTKKLHKEP,63
MKFKSLITTTLALGVLASTGANFNNNEASAAAKPLDKSSSSLHHGYSKVHVPYAITVNGT,30
MQRKKKGLSILLAGTVALGALAVLPVGEIQAKAAISQQTKGSSLANTVTAATAKQAATDTTAA,33
MNMKKATIAATAGIAVTAFRAPTIRSASTVVVEAGDTLWGIAQSKGTTVDAIKKANN,27
MKMKWLISVIILFVFIFPQNLVFAGEDKNEGVKVVRDNFGVPHLYAKNKKDLYEAY,26
MKKRKVLIPLMALSTILVSSTGNLEVIQAEVKQENRLLNESESSSQGLLGYYFSDLNFQ,29
MKGKLLKGVLSLGVGLGALYSGTSAQAEASTNQNDTLKVMTHNVYMLSTNLYPNWGQ,27
MKRKICKALICAALATSLWAGASTKVYAWDGKIDGTGTHAMIVTQGVSILENDLSKNE,28
MSNKKLILKLFICSTIFITFVFALHDKRVVAASSVNELENWSKWMQPIPDNIPLARISIPG,31
MREKVVLFLSIIMAIMLPVGNAAAAPVVHNPASTANRPVYAIAHRVLTTQGVDD,24
MKKFPKKLLPIAVLSSIAFSSLASGSVPEASAQEKKKGNQDEIKNVIVLIGDGMGVSYTSAY,32
MRIKRTSNRSNAARRVRTTAVLAGLAAVAALAVPTANAETPRTFSANQLTAASDAVLGADIAGTAWNI,38
MMKMEGIALKKRLSWISVCLLVLVSAAGMLFSTAAKTETSSHKAHTEAQVINTFDGVADYLQTY,34
MNIKKFAKQATVLTFTTALLAGGATQAFAKETNQKPYKETYGISHITRHDMLQIPEQQK,29
METKVRKKMYKKGKFWVVATITTAMLTGIGLSSVQADEANSTQVSSELAERSQVQENTTASSSA,34
MKRSMQAVGATLTAVGAIGAGLLVTAPAAGAATAGATASYNGVCGSGYKVVNSMPIGSTGTVYLTY,36
MRKKQKLPFDKLAIALMSTSILLNAQSDIKANTVTEDTPVTEQAVETPQPTAVSEEVPSSK,31
MQSSLKKSLYLGLAALSFAGVAAVSTTASAKSYATAGAYSTLKTDAATRNVEATGTNALY,30
MENNKKVLKKMVFFVLVTFLGLTISQEVFAQQDPDPSQLHRSSLVKNLQNIYFLYEGDPV,30
MNKKKLGIRLLSLLALGGFVLANPVFADQNFARNEKEAKDSAITFIQKSAAIKAGAR,27
MKKINIIKIVFIITVILISTYFTYHQSDSKKDISNVKSDLLYAYTITPYDYKDCRVN,27
MRNTARWAATLGLTATAVCGPLAGASLASPATAPASLYAPSALVLTVGHGESAATAAPLRAVTLT,35
MKNKKEVYGFRKSKVAKTLCGAVLGTALIAFADKAVFADEVTETTSTSTVEVATTGNPATNLPEAQGE,38
MRKIVVAAIAVSLTTVSITASASADPSKDSKAQVSAAEAGITGTWYNQLGSTFI,24
MKKQIISLGALAVASSLFTWDNKADAIVTKDYSKESRVNENSKYGTLISDWYLKGR,26
MKNYLSIGVIALLFALTFGTVKSVQAIAGYGWLPDRPPINNSQLVVSMAGIVEGTD,26
MRKKTKNRLISSVLSTVVISSLLFPGAAGASSKVTSPSVKKELQSAESIQNKISSSLKKS,30
MIRFKKTKLIASIAMALCLFSQPVISFSKDITDKNQSIDSGISSLSYNRNEVLASNGD,28
MKKIMLLLMTLLLVSLPLAQEAQADASVYSYQGIISHMAPPASPPAKPKTPVE,23
MKIFGLVIMSLLFVSLPITQQPEARDVPAYDRSEVTISPAETPESPPATPKTPVE,25
MSNKKTFKKYSRVAGLLTAALIIGNLVTANAESNKQNTASTETTTTNEQPKPESSELTTEKAG,33
MLACLAILAVVGLGMTRVSALSKDDTAQLKITNIEGGPTVTLYKIGEGVYNT,22
MNKRAMLGAIGLAFGLLAAPIGASAKGESIVWNEQWKTPSFVSGSLLNGGEQALE,25
MKHFLRALKRCSVAVATVAIAVVGLQPVTASAAPNPVVGGTRAAQGEFPFMVRLSMGCGGAL,32
MNKKLLMNFFIVSPLLLATTATDFTPVPLSSNQIIKTAKASTNDNIKDLLDWYSSGSDTFTNSEVLDNSL,40
MKKKIISAILMSTVILSAAAPLSGVYADTNSDIAKQDATISSAQSAKAQAQAQVDSL,27
MKMKRKLLSLVSVLTILLGAFWVTKIVKADQVTNYTNTASITKSDGTALSNDPSKAVNY,29
MNLRKLRLLFVMCIGLTLILTAVPAHARTITNNEMGNHSGYDYELWKDYGNTSMTLN,27
MITLFRKPFVAGLAISLLVGGGIGNVAAAQGGPPKSGVFGENEKRNDQPFAWQVASLS,28
MFKFKKNFLVGLSAALMSISLFSATASAASTDYWQNWTDGGGIVNAVNGSGGNYSVNW,28
MLRRKVIFTVLATLVMTSLTIVDNTAFAATNLNTTESTFSKEVLSTQKTYSAFNTQAA,28
MGSYALPRSGVRRSIRVLLAALVVGVLGTATALIAPPGAHAAESTLGAAAAQSGRYFGTAIASGRLSDSTY,41
MQQDGTQQDRIKQSPAPLNGMSRRGFLGGAGTLALATASGLLLPGTAHAATTITTNQTGTDGMYYSFWTDGGGSVSMTL,49
MKALKITGLSLIISATLAAQTNAAEPIYPDQLRLFSLGEDVCGTDYRPINR,21
MLKVIPWLLVTSSLVAIPTYIHATTEVVVNLNVKHSVEGKSEFERKNHIKLHS,23
MNKTLIAAAVAGIVLLASNAQAQTVPEGYQLQQVLMMSRHNLRAPLANNGSV,22
MNKAYSIIWSHSRQAWIVASELARGHGFVLAKNTLLVLAVVSTIGNAFAVNISGTVSSGGTVSSGETQIVYSGRGNSNA,49
MKKTLLASSLIACLSIASVNVYAASESSISIGYAQSHVKENGYTLDNDPKGFN,23
MNSSRSVNPRPSFAPRALSLAIALLLGAPAFAAGSGEAPKNFGLDVKITGESENDRDLGTAP,32
MTRPIQASLDLQVMKQNLAIVRRAAPEARVWSVVKANAYGHGIERVWSALGATDG,25
MRALAFAAALAAFSATAALAAGALEAVQEAPAGSTEVKIAKMKFQTPEVR,20
MISATKIRSCLAACVLAAFGATGALADKATIPSESPFAAAEVADGAIVVDIAKMKY,26
MMRKSLCCALLLGISCSALATPVSEKQLAEVVANTITPLMKAQSVPGMAV,20
MRDTRFPCLCGIAASTLLFATTPAIAGEAPADRLKALVDAAVQPVMKANDIPGLAV,26
MTKMNRCAALIAALILPTAHAAQQQDIDAVIQPLMKKYGVPGMAIAVSVDG,21
MSHILRAAVLAAMLLPLPSMADQAGKSPNAVRYHGGDEIILQGFHWNVVRE,21
MKLAACFLTLLPGFAVAASWTSPGFPAFSEQGTGTFVSHAQLPKGTR,17
MKLNKIITTAGLSLGLLLPSIATATPTTFVHLFEWNWQDVAQECEQYLGPKGYA,24
MRKTYWLMALFAVLVLGGCQMASRSDPTPTLAEAFWPKEAPVYG,14
MHKFTKALAAIGLAAVMSQSAMAENLKLGFLVKQPEEPWFQTEWKFADKAGKD,23
MNKKAMAAAVSMILAGGAHAAQQERPNVIVIIADDMGYSDISPFGGEIPT,20
MEFFKKTALAALVMGFSGAALALPNITILATGGTIAGGGDSATKSNYTVGKV,22
MERWFKSLFVLVLFFVFTASAADKLPNIVILATGGTIAGSAATGTQTTGYK,21
MRNIAIKFAAAGILAMLAAPALAENIEVHMLNKGAEGAMVFEPAYIKANPGDT,23
MLRKLAAVSLLSLLSAPLLAAECSVDIQGNDQMQFNTNAITVDKSCKQFT,20
MSEVQSPVPAESRLDRFSNKILSLRGANYIVGALGLCALIAATTVTLSINEQLI,24
MKFGSKIRRLAVAAVAGAIALGASFAVAQAPTFFRIGTGGTAGTYYPIGGLIANAISG,28
MRYIRLCIISLLATLPLAVHASPQPLEQIKLSESQLSGRVGMIEMDLASGR,21
MEKNRKKQIVVLSIALVCIFILVFSLFHKSATKDSANPPLTNVLTDSISQIVSACPGEIG,30
MFKKRGRQTVLIAAVLAFFTASSPLLARTQGEPTQVQQKLAALEKQSGGRLGVALIN,27
MLKSSWRKTALMAAAAVPLLLASGSLWASADAIQQKLADLEKRSGGRLGVALIN,24
MSIQHFRVALIPFFAAFCLPVFAHPETLVKVKDAEDQLGARVGYIELDLNSGK,23
MAIRIFAILFSIFSLATFAHAQEGTLERSDWRKFFSEFQAKGTIVVADERQ,21
MKTFAAYVIIACLSSTALAGSITENTSWNKEFSAEAVNGVFVLCKSSSKS,20
MNLKKIAIASSVFAGITMALTCHAVTVTATHTVESDAEFTIDWVDAGPTTTDAK,24
MGRYIVPALLCVAGMGFAHAQSALQPIAEVNLFRREPVTLGQIKARISAI,20
MKKGTQRLSRLFAAMAIAGFASYSMAADTIKIALAGPVTGPVAQYGDMQRAGALMA,26
MIKKASLLTACSVTAFSAWAQDTSPDTLVVTANRFEQPRSTVLAPTTVVT,20
MKISIYATLAALSLALPAVAQEGDAAKGEKEFNKCKACHMVQAPDGTDIV,20
MKPYALLSLLATGTLLAQGAWAEDPEVLFKNKGCVACHAIDTKMVGPAYKDV,22
MKKFLLVAVVGLAGITFANEQLAKQKGCMACHDLKAKKVGPAYADVAK,18
MKKTLMASAVGAVIAFGTHGAMAAAPADWSSVAATDVTLFYPGVSPVEWITKG,23
MHLHLRGICLVLAVASSSSSALAADAGHGADLAKRWCASCHVVANGQAVASAD,23
MKRVLLLSSLCAALSFGLAVSGVAADGAALYKSCIGCHGADGSKAAMGSAKPVK,24
MRKSLLAILAVSSLVFSSASFAADLEDNMETLNDNLKVIEKADNAAQVKDAL,22
MRPSIHRTAIAAVLATAFVAGTALAQKRDNVLFQAATDEQPAVIKTLEKLVN,22
MKRNRFFNTSAAIAISIALNTFFCSMQTIAAEPEETYLDFRKETIYFLFLDRFSDGDPSN,30
MKLNKITSYIGFALLSGGALAAPSTPTLDWQPQQYSFVEVNVDGLGSYKQL,21
MRKFNKPLLALLIGSTLCSAAQAAAPGKPTIAWGNTKFAIVEVDQAATAYNNL,23
MSTRKAVIGYYFIPTNQINNYTETDTSVVPFPVSNITPAKAKQLTHINFSFLDINSNLECAWDPATNDAKA,41
MFRLNPFVRVGLCLSAISCAWPVLAVDDDGETMVVTASSVEQNLKDAPASISVIT,25
MSKRNAVTTFFTNRVTKALGMTLALMMTCQSAMASLAADQTRYIFRGDKDALTITVTNNDKERT,34
MMAIATKRRGVAAVMSLGVATMTAVPALAQDVLGDLPVIGKPVNGGMNFQPASSPLAHD,29
MKLLKVEAIAAIVFSGSALAGVVPQYGGGGNHGGGGNNSGPNSELNIYQY,20
MTLRNASLTAVAALTVALAGGAVAQDASTAPGTTAPAGSSYHTNEAAPAAA,21
MTTIVKRALVAAGMVLAIGGAAQANEGGVSLHKQDWSWKGIFGRYDQPQLQRGF,24
MIRKLTLTAATALALSGGAAMAAGGGHVEDVPFSFEGPFGTFDQHQLQRGLQ,22
MKKGFLAAGVFAAVAFASGAALAEGDAAAGEKVSKKCLACHTFDQGGANKVGP,23
MKFQVKALAAIAAFAALPALAQEGDPEAGAKAFNQCQTCHVIVDESGTTIA,21
MRKLVFGLFVLAASVAPAAAQDAASGEQVFKQCLVCHSIGPGAKNKVGPV,20
MRKLFFCGVLALAVAFALPVVAAPKAPADGLKMEATKQPVVFNHSTHKSVKC,22
MMNRVKIGTALLGLTLAGIALPALAQPQSGPQTGVVFRNTVTGEALDVSQGKEGG,25
MRNASVTARLTRSVRAIVKTLLIAIATVTFYFSCDLALPQSAAAYPFWAQQTYPETPREPTGRIVCANCHLAAK,44
MFKSTLAAMAAVFALSALSPAAMAAKGDPHVLLTTSAGNIELELDKQKAPVSVQ,24
MNTIFSARIMKRLALTTALCTAFISAAHADDLNIKTMIPGVPQIDAESYILIDYNSGKV,29
MTQYSSLLRGLAAGSAFLFLFAPTAFAAEQTVEAPSVDARAWILMDYASGKVLAEGN,27
MNKKVLTLSAVMASMLFGAAAHAADTRIGVTIYKYDDNFMSVVRKAIEQDAKA,23
MGRLNRFRLGKDGRREQASLSRRGFLVTSLGAGVMFGFARPSSANQIFPLDRSLPGDGAFEPTIWCSIAPDGEI,44
MTRPASAKRRSLLGILAAGTICAAALPYAAVPARADGQGNTGEAIIHADDHPENWLSYGRTYSEQ,35
MNKHLLAKIALLSAVQLVTLSAFADVPLTPSQFAKAKSENFDKKVILSNLNKPH,24
MSRFVTSVSALAMLALAPAALSSVAYANDKLVELSKSDDNWVMPGKNYDSNNYSELKQ,28
MNRNTPKARGASSLAMAVAMGLAVLTTAPATANDQLVELAKDPANWVMTGRDYNAQNYSEMT,32
MKTTLIAAAIVALSGLAAPALAYDGTKCKAAGNCWEPKPGFPEKIAGSKYDP,22
MLGNFRFDDMVEKLSRRVAGQTSRRSVIGKLGTAMLGIGLVPLLPVDRRGRVSRANAADAPAGTDPRAKWVPQDNDIQACDYWRHCS,57
MASSALTLPFSRIAHAVDSAIPTKSDEKVIWSACTVNCGSRCPLRM,16
MRISLKKSGMLKLGLSLVAMTVAASVQAKTLVYCSEGSPEGFNPQLFTSGTTYDASSV,28
MMIFRFVTTLAASLPLLTFAAPISFSHAKNEAVKIYRDHPVSFYCGCEIP,20
MKTILPAVLFAAFATTSAWAAESVQPLEKIAPYPQAEKGMKRQVIQLTPQ,20
MKKVSTLDLLFVAIMGVSPAAFAADLIDVSKLPSKAAQGAPGPVTLQAAVGAG,23
MKNITFIFFILLASPLYANGDRLYRADSRPPDEIKRSGGLMPRGHNEY,18
MIKHVLLFFVFISFSVSANDFFRADSRTPDEIRRAGGLLPRGQQEAYE,18
MNKVKCYVLFTALLSSLYAHGAPQTITELCSEYRNTQIYTINDKILSYTES,21
MSSKKIIGAFVLMTGILSGQVYAGVSEHFRNICNQTTADIVAGVQLKKY,19
MKKYVTTKSVQPVAFRLTTLSLVMSAVLGSASVIAGEKLDMSFIQGGGGVNPEVWAALNGSYAPG,35
MKKTMMAAALVLSALSIQSALAAEYSEKTQYLGVVNGQVVGNSVVKVTRTPT,22
MKKTLLAIILGGMAFATTNASANTGTINFNGKITSATCTIDPEVNGNRTSTI,22
MKKLYKAITVICILMSNLQSAQGATKSVQVPIRTEVKIPTCQLEIDSSIDF,21
MIKKVPVLLFFMASISITHASQTATKSLGVSITLSKAQCKINNRAGISGS,20
MKTSIRYALLAAALTAATPALADITVYNGQHKEAAQAVADAFTRATGIKVKL,22
MTPLRVFRKTTPLVNAIRLSLLPLAGLSFSAFAAQVNIAPGSLDKALNQYAAHSGFTLSVDAS,33
MNKKIHSLALLVNLGIYGVAQAQEPTDTPVSHDDTIVVTAAEQNLQAPGVST,22
MTDATNRFRPGLVGRALVRAGLLFAVAACAQAQLLPGARDLNRIDDRQRKEQLQRDIERA,30
MARSKTAQPKHSLRKIAVVVATAVSGMSVYAQAAVEPKEDTITVTAAPAPQESAWGPAATIAA,33
MSKRIALFPALLLALLVIVATALTWMNFSQALPRSQWAQAAWSPDIDVIE,20
MLSTQFNRDNQYQAITKPSLLAGCIALALLPSAAFAAPATEETVIVEGSATAPDDGENDYSVTSTS,36
MSNKNVNVRKSQEITFCLLAGILMFMAMMVAGRAEAGVALGATRVIYPAGQKQEQLAVTNNDENST,36
MKRFFAILGAALFVGNSGAFAEQATLIDFSKLVGEGNTGLHAPTTIDYSRQ,21
MKKLFVVLTSIFIAASAYGLTNSTLIDFALTGNADNLQAGEGDTNEVVP,19
MKAFLFAAAATLVITALSAPAFAGTPVTLRMDTTDADGRITLGDLFDGVSGPAANVVVA,29
MFKALAGIVLALVATLAHAERIRDLTSVQGVRENSLIGYGLVVGLDGTG,19
MKLKFISMAVFSALTLGVATNASAVTTVNGGTVHFKGEVVNAACAVNTNSFDQ,23
MSKFSYPALRAALILAASPVLPALANDGTIVITGSISDQTCVIEEPSTLNHIKVV,25
MKKVLLSAAMATAFFGMAAANAADTNVGGGQVNFFGKVTDVSCTVSVNGQGS,22
MRMKKSALTLAVLSSLFSGYSLAAPAENNTSQANLDFTGKVTASLCQVDTSNL,23
MKFKKTIGAMALTTMFVAVSASAVEKNITVTASVDPVIDLLQADGNALPSAVK,23
MKKLAIMAAASMVFAVSSAHAGFTPSGTTGTTKLTVTEECQVRVGDLTVAK,21
MQKIQFILGILAAASSSSTLAYDGKITFNGKVVDQTCSVTTESKNLTVKLP,21
MKRLVFISFVALSMTAGSAMAQQGDVKFFGNVSATTCNLTPQISGTVGDTI,21
MPNFFRNGCIALVGSVAAMGAAHAEGGIAEAAGKALDSAQSDVTITAPKVMMVV,24
MKKAFLLACVFFLTGGGVSHAAVQKTIFSADVVASVCHVVVDADSTGNSGR,21
MKKTLIALAIAASAASGMAHAWMTGDFNGSVDIGGSITADDYRQKWEWKVG,21
MIKSVIAGAVAMAVVSFGVNNAAPTIPQGQGKVTFNGTVVDAPCSISQKSAD,22
MRLRFSVPLFFFGCVFVHGVFAGPFPPPGMSLPEYWGEEHVWWDGRAAFHGE,22
MLKIKYLLIGLSLSAMSSYSLAAAGPTLTKELALNVLSPAALDATWAPQDNL,22
MKKNLLITSVLAMATVSGSVLAAVTNGQLTFNWQGVVPSAPVTQSSWAFVNG,22
MKKTLLGSLILLAFAGNVQADINTETSGKVTFFGKVVENTCKVKTEHKNL,20
MRKSASAVAVLALIACGSAHAAGFVGNKAVVQAAVTIAAQNTTSANWSQDP,21
MIKPTFLRRVAIAALLSGSCFSAAAAPPAPPVSYGVEEDVFHPVRAKQGMVASVD,25
MKSVLKVSLAALTLAFAVSSHAADKKLVVATDTAFVPFEFKQGDKYVGFDVD,22
MKLTLKNLSMAIMMSTIVMGSSAMAADSNEKIVIAHRGASGYLPEHTLPAKAMAY,25
MTRKPRRHALSVPVRSGSEVGFPQSLGEVHDMLYDKSLERDNCGFGLIAHIEGEPSHKVVRTAIHALARMQH,42
MTTGRMSRRECLSAAVMVPIAAMTATATITGSAEAAKNNMNGSTIGKITKFSPRLDAILDVSTPI,35
MIIANVIRSFSLTLLIFAALLFRPAAAEEFSASFKGTDIQEFINTVSKNLNKTVIID,27
MNIKKTAVKSALAVAAAAAALTTNVSAKDFSGAELYTLEEVQYGKFEARMKMAAASG,27
MVSKKQKFLTVILVIVLAIVIVGGVFGISFVKGRVTFPWQLQNSEAKTEQVKEPAKEEPKLVIK,34
MSIFRTASTLALATALALAAGPAFSYSINNSRQIVDDSGKVVQLKGVNVFGFETG,25
MGHVTSPSKRYPASFKRAGSILGVSIALAAFSNVAAAGCEYVVTNSWGSGFTAAIRITNSTSSVINGW,38
MQTVNTQPHRIFRVLLPAVFSSLLLSSLTVSAASSSNDADKLYFGNNKYYLFNNVWGKDEIK,32
MGKPMWRCWALMLMVWFSASATAANGWEIYKSRFMTTDGRIQDTGNKNVSHTE,23
MPLSYLDKNPVIDSKKHALRKKLFLSCAYFGLSLACLSSNAWASVEPLSVNGNKIYAGEKAKSFAGNSLFWSN,43
MKKVLGVILGGLLLLPVVSNAADAQKAADNKKPVNSWTCEDFLAVDESFQP,21
MGYKMNISSLRKAFIFMGAVAALSLVNAQSALAANESAKDMTCQEFIDLNPKAMTPVAWWMLH,33
MKKLALSLSLVLAFSSATAAFAAIPQKIRIGTDPTYAPFESKNAQGELVGFD,22
MKYRYFAKKSFLFISMLAAFKTFAFELPSVPFPAPGSDEILFVVRDTTFNTNAP,24
MKNNNFRLSAAGKLAAALAIILAASAGAYAAEIVAANGANGPGVSTAATGAQVVDIVAPN,30
MPKLNRCNPIFTILSAISSPTLLRNINEPSGEAADIISQVADSHAIKY,18
MKKKVVLLTLLSCFSTSGLSANETGNLGSISESRRALQDSQREINQL,17
MIKKITALTLLVSTALSAETLPDSHMMQDMSMGESRRALQDSTREVNQ,18
MRNGRTLLRWAGVLAATAIIGVGGFWSQGTTKALPEGPGEKRADLIEIGAMERFGKLDLPK,31
MKKLMLAIFISVLSFPSFSQSTESLDSSKEKITLETKKCDVVKNNSEKK,19
MKKTTLALSRLALSLGLALSPLSATAAETSSATTAQQMPSLAPMLEKVMPSVVSIN,26
MKAKRFKINAISLSIFLAYALTPYSEAALVRDDVDYQIFRDFAENKGKFFVGATDLS,27
MKQLIIATLLSALSGGCMASSLRLPSAAELSGQWVLSGAEQHCDIRLNT,19
MLQKQFCNKLLLDTNKENVMEIQNTKPTQTLYTDISTKQTQSSSETQKS,19
MIVTGSQVRQGLNTWFVLPLRRTAIGLGCAGVATLFSACGQTQALITNQTIQGFVDQVVVPSYVSVAAGATQLE,44
MKCPKILAALLGCAVLAGVPAMPAHAAINSMSLGASYDAQQANITFRVYSSQATRI,26
MMISKKYTLWALNPLLLTMMAPAVAQQTDDETFVVSANRSNRTVAEMAQTTWVIE,25
MDYSRLLKRSVSAALTAAALLCSTAAFAGEVTIWCWDPNFNVAIMKEAAERYTAKHPD,28
MMITLRKLPLAVAVAAGVMSAQAMAVDFHGYARSGIGWTGSGGEQQCFQTTGAQS,25
MARTMRSRVVAGAVACAMSIAPFAGTTAVMTLATTHAAMAATAPADGYAATRYPIILVHGLSGTDKYAGVVEYW,44
MKKKSLLPLGLAIGLASLAASPLIQASTYTQTKYPIVLAHGMLGFDNILGVDYWFG,26
MKRNAKTIIAGMIALAISHTAMADDIKVAVVGAMSGPIAQWGIMEFNGAEQAI,23
MKIKTGVGILALSALTTMMISAPALAKIEEGKLVIWINGDKGYNGLAEVGKKFEQD,26
MRRQGITRRSFLKYCSLTGRPCLGPTFAPQIAHAMETRPPTPVVWLHGLECTCCSESFIRSGDP,34
MLEEKGIERRDFMKWAGAMTAMLSLPATFTPLTAKAAELADRLPVIWLHMAECTVVAESPKNRWSG,36
MNKTAIALLALLASSASLAATPWQKITQPVPGSAQSIGSFSNGCIVGAD,19
MKMKLVTAAVMGLAMSTAMAATDATSLATDKDKLSYSIGADLGKNFKNQG,20
MKLNKLALVLGLGLSVVAGSALAADQGHGTVKFVGSIIDAPCSITPDTENQTV,23
MKKLAILGVTVYSFAQLANAATLNVKSYGTTQNGQKVDLYTMSNNNGVSV,20
MNMKKFVKKPLAIAVLMLASGGMVNMVHAEPTVINSKDISATKTVKEGGSFSVEFKATE,29
MRFKNVKKTALMLAMFGMATSSNAALFDYNATGDTEFDSPAKQGWMQDNTNNGS,24
MLSTLRRTLFALLACASFIVHAAAPDEITTAWPVNVGPLNPHLYTPNQMFAQ,22
MPFGKPLVGTLLASLTLLGLATAHAKDDMKAAEQYQGAASAVDPAHVVRTNGAPD,25
MSNVGKPILAGLIAGLSLLGLAVAQAAAPEMTAEEKEASKQIYFERCAGCHGVLRK,26
MFKAQATFSRYSAAVSLLLLFSGAAQAAPQSITTLPLQPDGENRWRLPAGEYQGQFT,27
MNQVWNIARKELSDGLRNRWLLAISLLFAVLAVGIAWLGAAASGQLGFTSIPATIASLASLATF,34
MNKTQRHINWLLAVSAATALPVTAAEMINVNDGSLLNQALKAQSQSVAPVETGF,24
MTRIKINARRIFSLLIPFFFFTSVHAEQTAAPAKPVTVEAKNETFAPQHPDQYLSW,26
MRFNNKNVGLGALLFAAQASADTLESIDNCAVGCPTGGSSNVSIVRHAYT,20
MKKSLIALAVLAASGAAMAQSSVTLFGIVDTNVAYVNKDAAGDSRYGLG,19
MKKSLIALTLAALPVAAMADVTLYGQVKAGVEVSRTKETVNHVSTKNKT,19
MKKFNQSLLATAMLLAAGGANAAAFQLAEVSTSGLGRAYAGEAAIADNASVV,22
MKKTLAALIVGAFAASAANAAVVYNNEGTNVELGGRLSIIAEQSNSTVDN,20
MKKTAIALAVALAGFATVAQAAPKDNTWYTGAKLGWSQYHDTGFYGNGYQN,21
MQPAKNLLFSSLLFSSLLFSSAARAASEDGGRGPYVQADLAYAAERITHDYPKPT,25
MMKRNILAVIVPALLVAGTANAAEIYNKDGNKVDLYGKAVGLHYFSKGNGEN,22
MKKLLKSVLVFAALSSASSLQALPVGNPAEPSLMIDGILWEGFGGDPCDPCT,22
MRAKLLGIVLTTPIAISSFASTETLSFTPDNINADISLGTLSGKTKERVY,20
MKKIALFITASLIAGNALAAQTYIRNGNIYTHEGQWAAEVGAFGSTDLL,19
MKQTICLAVLAALLAAPVFAHQEGDFIVRAGIASVVPNDSSDKVLNTQSE,20
MQTRRVVLKSAAAAGTLLGGLAGCASVAGSIGTGDRINTVRGPITISEAGFTLTHEHIC,29
MSNITKKSLIAAGILTALIAATPTAADVPAGVQLADKQTLVRNNGSEVQSLDPHK,25
MTMTRLKISKTLLAVMLTSAVATGSAYAENNAQTTNESAGQKVDSSMNKVGNFMDDSA,28
MRTLQGWLLPVFMFAMAVYAQEATVKEVHDAPAVRGSIIANMLQEHDNPF,20
MKNRNRMIVNGIVTSLICCSSLSALAASPPTEVKIVRDEYGMPHIYADDTYRLFYG,26
MKDRIPFAVNNITCVILLSLFCNAASAVEFNTDVLDAADKKNIDFTRFSEAGYV,24
MIRKKILMAAIPLFVISGADAAVSLDRTRAVFDGSEKSMTLDISNDNKQLP,21
MKKWFPAFLFLSLSGGNDALAGWHNVMFYAFNDYLTTNAGNVKVIDQPQLY,21
MVVNKTTAVLYLIALSLSGFIHTFLRAEERGIYDDVFTADALRHYRINERGGRTGSL,27
MRFSRFIIGLTSCIAFSVQAANVDEYITQLPAGANLALMVQKVGASAPAI,20
MKVITFSRRSALASIVATCLMSTPALAATAQAPQKLQIPTLSYDDHSVMLVWDTPED,27
MKYLLPSAALGLLAARGPTDNGANTGGYATTDGGDVSGAVKKTARSLQEIVD,22
MKSLITPITAGLLLALSQPLLAATDTGGYAATAGGNVTGAVSKTATSMQDIV,22
MKNTRVRSIGTKSLLAAVVTAALMATSAYAAVETDAATTGWATQNGGTTGGAKAAKAVEV,30
MNNSRMSSVSTQKTTGRSALGTKSALAAIIATTMMVSVASAASLQTTKATEAASTGWATQSGGTTGGAKAS,41
MKRFALSLLAGLVALQASAATPDRLTIVNQYVDNVLTKAGDHYHGQSPT,19
MKKRALLLSMSVLAMLYIPAGQAAEIDRLTVVKQYVDNVLNKASDTYHGDKPS,23
MKYAASGLLSVALNSLLLLGSNQRFATQDVAPVWRGIAFGQSTDVNFATNVLPEKV,26
MQRIGVTDYTILGTVKGAELELVRFTHPFMGFDVPAILGDHVTRM,15
MNMSLSRIVKAAPLRRTTLAMALGALGAAPAAHADWNNQSIVKTGERQHGIHIQGSDPGGVRTA,34
MEYQSGKRVLSLSLGLIGLFSASAWASDSRTVSEPKTPSSCTTLKADSSTATS,23
MNHRYTLLALAAAALSAGAHATGTSVTAPWGEVAEPSLPADSAVCKTLSAS,21
MVRRLWRRIAGWLAACVAILCAFPLHAATAGPGAWSSQQTWAADSVNGGNLTGYFYW,27
MPKSFRHLVQALACLALLASASLQAQESRLDRILESGVLRVTTTGDYKPFSYRTE,25
MQIVNLTRRGFLKAACVVTGGALISIRMTGKAVAAAKQLKDYMMDRINGVYGADAKFPVRASQD,34
MISKSRRSFIRLAAGTVAATVATSMLPSSIQAALAIPAHRRHGNLKDVEHVVILMQENRSFDHYF,35
MKFCTAVAVAMGMGPAFAPKVAEALTAKKRPSVVYLHNAECTGCSESLLRTVD,23
MNKSTLAIVVSIIASASVHAAEVYNKNGNKLDVYGKVKAMHYMSDYDSKD,20
MSLSRREFVKLCSAGVAGLGISQIYHPGIVHAMTEGAKKAPVIWVQGQGCTGCSVSLLNAVH,32
MSKKFLTILAGLLLVVSSFFLSVSPAAAANATVKMGSDSGALVFEPSTVTIKAGEEVKW,29
MLKTISGTLALSLIIAASVHQAQAATTYNAVVSKSSSDGKTFKTIADAIASAPA,24
MKLSKIALAAALVFGINSVATAENETPAPKVSSTKGEIQLKGEIVNSACGLA,22
MRKLLIFSISAYLMAGIVSCKGVDSATPVTEDRLALNAVNAPADNTVNIKTFDKVKNAFGDGLSQSAEGT,40
MKVMKWSAIALAVSAGSTQFAVADAFVSDQAEAKGFIEDSSLDLLLRNYYFNR,23
MKLKNTLGVVIGSLVAASAMNAFAQGQNSVEIEAFGKRYFTDSVRNMKNADLYG,24
MIRRHSCKGVGSSVAWSLLGLAISAQSLAGTVTTDGADIVIKTKGGLEVATTDKEFSFK,29
MKKWSRHLLAAGALALGMSAAHADDNNTLYFYNWTEYVPPGLLEQFTKETGIK,23
MTALNKKWLSGLVAGALMAVSVGTLAAEQKTLHIYNWSDYIAPDTVANFEKETGIK,26
MKAILIPFLSLLIPLTPQSAFAQSEPELKLESVVIVSRHGVRAPTKATQLMQ,22
MKQSAIALALLSCLITPVSQAQTSQNINILENRAAQGDITMPGGARRLSGD,21
MKYKKLSVAVAAFAFAAVSAQNSNSLKYPETKKVNHTDTYFGNQVSDPYR,20
MKKISKAGLGLALVCALATIGGNAARRATAQRRGSGVFYDEMFDFDIDAHLAKH,24
MRHSVLFATAFATLISTQTFAADLPGKGITVNPVQSTITEETFQTLLVSRA,21
MRRKAVLLTVVLSLSGGSAQAMGLLDAWELALRNDAQLRAAGFERDAGQEEVA,23
MILNKRLKLAYCVFLGCYGLSIHSSLAAYQDPGRLGAPDSWKTAEFNRQWGLEAISA,27
MNAIKTAVAAVTAAASLVAFSPAEAATATANLNVTANVGGACSIGSGAGGGTLNF,25
MSHCVVLNKLESVLIIGDSRYALSKNEVLLLECLYLRAGDVISHDELLTTCWPD,24
MRRFLALLLVLTLWLGFTPLASADVAGLVPCKDSPAFQKRAAAAVNTTADPAS,23
MRFRPSIVALLSVCFGLLTFLYSGSAFAVDKSQLTYDDIVNTGLANVCPEISSFTRGT,28
METTMTRRDFLKSAGAAGAAGLVWSQTIPGTLGALEKQEIKGSAKFVPSICEMCTSSCTIEARV,34
MKVMRTTVATVVAATLSMSAFSVFAEASLTGAGATFPAPVYAKWADTYQKETGNK,25
MPRSTWFKALLLLVALWAPLSQAETGWQPIQETIRKSDKDNRQYQAIRLDNGM,23
MNMKKLAILVSAVALSATVSANAMAKDTIALVVSTLNNPFFVSLKDGAQKEADKL,25
MKAFWRNAALLAVSLLPFSSANALALQAKQYGDFDRYVLALSWQTGFCQSQHD,23
MYRKSTLAMLIALLTSAASAHAQTDISTIEARLNALEKRLQEAENRAQTAEN,22
MVKDIIKTVTFSCMLAGSMFVTCHVCAAGSVVNITGNVQDNTCDVDINSRNFDVSLG,27
MAYSQPSFALLCRNNQTGQEFNSGDTSFRVNVSPVVEYDKSISVLDLSQLVSC,23
MKLKAIILATGLINCIAFSAQAVDTTITVTGNVLQRTCNVPGNVDVSLGNLY,22
MEKAKQVTWRLLAAGVCLLTVSSVARADSLDEQRSRYAQIKQAWDNRQMDVVEQMMP,27
MIRLSAAAALGLAAALAASPALAQTSATAVVKAGDGKDAGAVTVTEAPHGVLL,23
MNKAKTLLFTALAFGLSHQALAQDLTVKMTDLQTGKPVGTIELSQNKYGVVF,22
MKKIMLIASAMSALSLPFSASAIELGEEGGLECGPYGKVGIVGGMITGAEST,22
MNKWGVGLTFLLAATSVMAKDIQLLNVSYDPTRELYEQYNKAFSAHWKQ,19
MKGSVRALCAFLGVGALGSALCVSCTTVCPHAGKAKAEKVECALKGGIFRG,21
MQQQHLFRLNILCLSLMTALPAYAENVQAGQAQEKQLDTIQVKAKKQKTRRDNE,24
MMNFNNVFRWHLPFLFLVLLTFRAAAADTLLILGDSLSAGYRMSASAAWPALLNDK,26
MSVRSLRWPRQKAFLAVISLVVAVLLAVPGWLTPATAASQATVQFVAPTWAAERLNNKQLKILDVRT,37
MQMKKLLPILIGLSLSGFSSLSQAENLMQVYQQARLSNPELRKSAADRDAAFEK,24
MNNNDLFQASRRRFLAQLGGLTVAGMLGPSLLTPRRATAAQAATDAVISKEGILTGSHWGAIRATVKDG,39
MRCTRAIRQTARTGWLTWLAILAVTAPVTSPAWADDPPATVYRYDSRPPEDVFQNGFTAWGNND,34
MLINNKKLLHHILPILVLALLGMRTAQAVAPGIVIPPKALFTQQGGAYGRCPNGTRAL,28
MLRRFPTRTTAPGQGGARRSRVRALAWLLASGAMTHLSPALADVPYVLVKTNMVVTSVAMKPYEVTPTRMLV,42
MQRQAGLPLKANPMHTIASILLSVLGIYSPADVAGLPTHLYKNFTVQELALKLKGKNQEFCLTA,34
MHLIPHWIPLVASLGLLAGGSSASAAEEAFDLWNECAKACVLDLKDGVRSSRMSV,25
MKLSMKSLAALLMMLNGAVMASENVNTPENRQFLKQQENLSRQLREKPDHQ,21
MKSPAPSRPQKMALIPACIFLCFAALSVQAEETPVTPQPPDILLGPLFNDVQNAKLFPDQ,30
MKPLHYTASALALGLALMGNAQAVTTIPFWHSMEGELGKEVDSLAQRFNAENP,23
MKLLQRGVALALLTTFTLASETALAYEQDKTYKITVLHTNDHHGHFWRNEYGEYG,25
MAVLCPARVSVAENKKFKLHTLSAMMMGLFTGSFAYAETQNTSNQEQEMPVLVVIGEKTQRSIYETS,37
MKKMTLFTLSLLRTAVQVGAQEYVPIVEKPIYITSSKIKCVLHTSGDFNA,20
MRTAMAKSLGAAAFLGAALFAHTLAAQTATCSYNITNEWNTGYTGDITITNRGSSA,26
MKTFSVTKSSVVFAMALGMASTAFAQDFCSNAQHSGQKVTITSNQTGKIGDIGYE,25
MINHNKTPNILAKVFKRTCGLVSTGAALAILSQAASAACTYTIDSEWSTGFTANITLKNDTGAAINNW,38
MTKDFKISVSAALISALFSSPYAFAEEPEDGNDGIPRLSAVQISPNVDPKLGVGL,25
MKKIACLSAMAAVLAFTAGTSVAATSTVTGGYAQSDAQGQMNKMGGFNLKYRY,23
MKILYSFLLLPFFSCAFSVDSMIKFSGEDDFFLVNGNSKEREYIYV,16
